seq,workload,strategy,tenant_id,key,latency_ms,output_rows,files,file_ranges,build_parts_cost,scan_cost,elapsed_await,finish_time
10,q-conv-clustered,b,a89d72ec-512f-4655-8c37-b30e5c5e8ec2,6eee1190-a8ef-4393-bde1-f451930fe5c1,112,8,82,585,16ms,290ms,54ms,99ms
30,q-conv-clustered,b,a89d72ec-512f-4655-8c37-b30e5c5e8ec2,3e9c8895-e8ba-4207-97c3-780b695ff09e,49,17,82,585,10ms,90ms,25ms,44ms
40,q-conv-clustered,b,ab7c56b6-9c1e-4dc5-8f25-0eb5644ae210,b9c1e528-6cb6-44a0-a5b7-472d1c76a205,35,12,82,585,13ms,85ms,38ms,31ms
20,q-conv-clustered,b,c8b9a016-520f-4f67-a382-3a944aa907fb,86081287-43ae-4807-a99b-dec1ef93cc46,310,8,80,583,10.0ms,536ms,206ms,306ms
50,q-conv-clustered,b,a89d72ec-512f-4655-8c37-b30e5c5e8ec2,f2f1820d-b0d7-4393-9e45-e71facb46512,35,10,82,585,12ms,66ms,23ms,30ms
60,q-conv-clustered,b,11eaa9c3-4b8f-45e3-b426-78c6d8e7e252,abbcad05-a8dd-4944-ad4b-dad4c6f777d1,71,12,80,583,13ms,203ms,98ms,67ms
80,q-conv-clustered,b,ab7c56b6-9c1e-4dc5-8f25-0eb5644ae210,7c00c4d8-d600-4d38-aafa-a466d6fa60be,58,11,82,585,11ms,142ms,40ms,54ms
70,q-conv-clustered,b,34d23bae-68b6-4c1a-b15c-043c8f1c52b9,a046fa5e-fa30-4e01-b066-742b50208e75,197,10,82,584,9.4ms,238ms,48ms,192ms
90,q-conv-clustered,b,68b4d330-7ca0-476a-b224-b26bc3176700,0f3b17da-f8ec-48d3-aae6-e16c25ddf6b6,232,12,80,583,11ms,557ms,142ms,227ms
100,q-conv-clustered,b,c8b9a016-520f-4f67-a382-3a944aa907fb,41827eea-915f-45a7-b6bd-af04f73fd1ee,104,15,80,583,44ms,237ms,71ms,100ms
110,q-conv-clustered,b,11eaa9c3-4b8f-45e3-b426-78c6d8e7e252,7c25aa50-4824-47f8-906a-c64b6c4f6c1b,83,17,80,583,9.8ms,171ms,54ms,79ms
130,q-conv-clustered,b,ab7c56b6-9c1e-4dc5-8f25-0eb5644ae210,ff64c3af-c973-477b-a99d-694fd6f9aae0,31,9,82,585,11ms,61ms,17ms,26ms
120,q-conv-clustered,b,c44dc1fc-8f74-43dd-9566-d8b2be710def,7f6bdd73-c107-408a-b54e-7e128a25a361,184,12,80,583,12ms,591ms,51ms,179ms
140,q-conv-clustered,b,c44dc1fc-8f74-43dd-9566-d8b2be710def,818ea99a-1963-4496-9fed-c35cde636ac6,218,11,80,583,11ms,514ms,147ms,215ms
160,q-conv-clustered,b,a89d72ec-512f-4655-8c37-b30e5c5e8ec2,c211a813-a200-4fb7-8f38-db0d8d29731e,77,12,82,585,9.1ms,185ms,63ms,73ms
150,q-conv-clustered,b,68b4d330-7ca0-476a-b224-b26bc3176700,ee5753a9-f02b-4552-b6c9-0cf1189e5f58,205,11,80,583,23ms,287ms,102ms,201ms
170,q-conv-clustered,b,93d95799-3257-409f-9a1f-c4e6b1acbac7,5112680f-67c3-4cbd-96db-f81487c9901b,88,13,80,582,10ms,155ms,59ms,84ms
190,q-conv-clustered,b,c8b9a016-520f-4f67-a382-3a944aa907fb,03ba78c2-a107-4783-b9f7-ddb4ba4da576,125,16,80,583,25ms,227ms,51ms,120ms
180,q-conv-clustered,b,34d23bae-68b6-4c1a-b15c-043c8f1c52b9,0d6ceb6e-6891-4feb-9dc3-011190afea7f,249,14,82,584,31ms,553ms,165ms,242ms
200,q-conv-clustered,b,11eaa9c3-4b8f-45e3-b426-78c6d8e7e252,294e6238-b7b5-492f-8fbc-b26126f2d059,42,13,80,583,13ms,122ms,20ms,39ms
210,q-conv-clustered,b,eee42173-a8dc-4a3f-be3d-79f44dada5b3,5627367c-0208-41f0-b52e-217a23091706,42,15,80,583,10.0ms,70ms,18ms,36ms
220,q-conv-clustered,b,ab7c56b6-9c1e-4dc5-8f25-0eb5644ae210,f8a81f01-eda8-4bf2-90b5-8973281d9672,41,10,82,585,12ms,79ms,18ms,37ms
230,q-conv-clustered,b,ab7c56b6-9c1e-4dc5-8f25-0eb5644ae210,4ebea942-1c04-4694-85d7-327f0b699b3d,55,14,82,585,12ms,103ms,22ms,50ms
240,q-conv-clustered,b,d0e931bf-8378-4377-b448-32cdcd142fca,7e458011-ce7a-4cdd-93c0-0bdead858bcf,130,10,80,582,52ms,357ms,117ms,126ms
250,q-conv-clustered,b,d0e931bf-8378-4377-b448-32cdcd142fca,de42dc88-fe21-4ac1-a8e0-275676a2fbde,126,11,80,582,9.5ms,296ms,27ms,122ms
260,q-conv-clustered,b,a89d72ec-512f-4655-8c37-b30e5c5e8ec2,e016e527-01c9-4c44-9618-0839760eed1e,155,12,82,585,10.0ms,308ms,150ms,152ms
270,q-conv-clustered,b,68b4d330-7ca0-476a-b224-b26bc3176700,1c5ed53e-94a3-42bd-9e56-bd8d420868b3,216,9,80,583,9.4ms,610ms,284ms,212ms
280,q-conv-clustered,b,ab7c56b6-9c1e-4dc5-8f25-0eb5644ae210,da7b8e98-69fb-4a3b-bfaf-5dcb65d4d353,41,10,82,585,14ms,60ms,39ms,36ms
290,q-conv-clustered,b,ab7c56b6-9c1e-4dc5-8f25-0eb5644ae210,17d9f264-6065-46b8-b654-40c8618db2ac,41,12,82,585,10ms,101ms,22ms,37ms
300,q-conv-clustered,b,d0e931bf-8378-4377-b448-32cdcd142fca,664b0410-3ecc-4476-aa53-df7c4c18db6c,62,8,80,582,9.5ms,164ms,68ms,58ms
310,q-conv-clustered,b,11eaa9c3-4b8f-45e3-b426-78c6d8e7e252,58d0ffd1-d254-4608-8c1c-9b0714cc64d6,62,11,80,583,11ms,81ms,20ms,57ms
320,q-conv-clustered,b,c8b9a016-520f-4f67-a382-3a944aa907fb,ff85394c-bca5-4996-8cec-e666b369df2a,150,12,80,583,10ms,345ms,177ms,145ms
330,q-conv-clustered,b,34d23bae-68b6-4c1a-b15c-043c8f1c52b9,87b65746-cf86-480f-b455-a206f3e3f540,200,10,82,584,46ms,444ms,193ms,197ms
350,q-conv-clustered,b,eee42173-a8dc-4a3f-be3d-79f44dada5b3,bd4518df-3951-4c16-b6f7-0ebfcbb21660,73,16,80,583,16ms,112ms,47ms,68ms
340,q-conv-clustered,b,68b4d330-7ca0-476a-b224-b26bc3176700,5605c402-fd37-44dc-9305-822b05004629,250,6,80,583,11ms,476ms,104ms,244ms
360,q-conv-clustered,b,eee42173-a8dc-4a3f-be3d-79f44dada5b3,5fab4408-6a63-4ecd-9948-ed6246e3a96a,113,11,80,583,14ms,243ms,88ms,109ms
370,q-conv-clustered,b,ab7c56b6-9c1e-4dc5-8f25-0eb5644ae210,8cf4c0e3-56e4-4e4c-9f3f-6b4e13cbabad,73,9,82,585,13ms,144ms,52ms,69ms
380,q-conv-clustered,b,93d95799-3257-409f-9a1f-c4e6b1acbac7,d5b4111d-784d-4fdb-9232-233e87863223,170,10,80,582,11ms,528ms,131ms,166ms
390,q-conv-clustered,b,11eaa9c3-4b8f-45e3-b426-78c6d8e7e252,d108befd-a179-471e-aa62-e45e7b6a5aa3,65,12,80,583,9.1ms,166ms,64ms,61ms
400,q-conv-clustered,b,93d95799-3257-409f-9a1f-c4e6b1acbac7,a6716568-7339-49e7-82ab-5a4b24da3f23,88,7,80,582,29ms,225ms,16ms,72ms
410,q-conv-clustered,b,68b4d330-7ca0-476a-b224-b26bc3176700,fe6e9842-e745-4e86-ac8f-6e3552e1f677,173,11,80,583,11ms,493ms,174ms,167ms
420,q-conv-clustered,b,d0e931bf-8378-4377-b448-32cdcd142fca,ca42278d-5da2-4715-bf8b-649bb5c94316,91,13,80,582,9.6ms,209ms,32ms,86ms
430,q-conv-clustered,b,11eaa9c3-4b8f-45e3-b426-78c6d8e7e252,3d0f9961-c7e0-4ae9-8d64-9811b06b0170,109,15,80,583,11ms,325ms,94ms,104ms
440,q-conv-clustered,b,eee42173-a8dc-4a3f-be3d-79f44dada5b3,d885fa07-bb44-4684-b254-5a6faad1a068,54,8,80,583,12ms,88ms,54ms,49ms
450,q-conv-clustered,b,a89d72ec-512f-4655-8c37-b30e5c5e8ec2,2d9e86c9-fd6a-41c5-b704-749f9a9af256,91,15,82,585,8.5ms,173ms,46ms,87ms
460,q-conv-clustered,b,d0e931bf-8378-4377-b448-32cdcd142fca,e4a10d88-2171-4bbe-878b-7073232a7dfb,57,11,80,582,9.6ms,122ms,88ms,54ms
470,q-conv-clustered,b,34d23bae-68b6-4c1a-b15c-043c8f1c52b9,0329bc4e-9f43-40c9-af45-dcf46c6c60ba,145,9,82,584,11ms,441ms,54ms,141ms
480,q-conv-clustered,b,a89d72ec-512f-4655-8c37-b30e5c5e8ec2,99818444-db58-4f03-b84d-54dd21ccd099,125,12,82,585,11ms,393ms,110ms,121ms
490,q-conv-clustered,b,11eaa9c3-4b8f-45e3-b426-78c6d8e7e252,0a3a4bb6-a2eb-4a11-820c-dd34c8369682,66,13,80,583,10ms,155ms,79ms,58ms
500,q-conv-clustered,b,11eaa9c3-4b8f-45e3-b426-78c6d8e7e252,279c5b84-bad0-4955-833d-af1324a1f497,98,5,80,583,11ms,264ms,74ms,93ms
520,q-conv-clustered,b,d0e931bf-8378-4377-b448-32cdcd142fca,626aa58f-9cd2-4e3b-bd68-2b57df028ed8,45,17,80,582,12ms,91ms,25ms,41ms
510,q-conv-clustered,b,93d95799-3257-409f-9a1f-c4e6b1acbac7,fe97760f-c02d-424d-b671-f93488e68f3b,168,8,80,582,11ms,282ms,154ms,163ms
seq,workload,strategy,tenant_id,key,latency_ms,output_rows,files,file_ranges,build_parts_cost,scan_cost,elapsed_await,finish_time
10,q-conv-clustered,b,11eaa9c3-4b8f-45e3-b426-78c6d8e7e252,d50affe1-5b15-4101-b9d7-e214ecdd1df5,61,17,80,583,10ms,154ms,28ms,55ms
20,q-conv-clustered,b,68b4d330-7ca0-476a-b224-b26bc3176700,3af84f90-733e-4d15-855d-5fedbfa5107d,208,13,80,583,10ms,455ms,156ms,202ms
30,q-conv-clustered,b,ab7c56b6-9c1e-4dc5-8f25-0eb5644ae210,1103ef4d-de7a-485f-a767-627536648d38,79,11,82,585,12ms,189ms,26ms,73ms
40,q-conv-clustered,b,c8b9a016-520f-4f67-a382-3a944aa907fb,a229ca46-9e07-4831-a476-538e865f99c8,128,9,80,583,11ms,381ms,104ms,122ms
50,q-conv-clustered,b,34d23bae-68b6-4c1a-b15c-043c8f1c52b9,4664e291-a501-4779-8f61-8454490566c5,165,9,82,584,11ms,602ms,110ms,161ms
70,q-conv-clustered,b,eee42173-a8dc-4a3f-be3d-79f44dada5b3,7fe9519c-f106-470d-8602-32e639eb637a,57,12,80,583,11ms,108ms,66ms,53ms
60,q-conv-clustered,b,c44dc1fc-8f74-43dd-9566-d8b2be710def,9507bf9d-7803-4f6b-bb71-1afbae76a566,159,6,80,583,12ms,348ms,36ms,155ms
80,q-conv-clustered,b,c44dc1fc-8f74-43dd-9566-d8b2be710def,15468884-1ae4-485e-9cce-c76309884fe7,111,9,80,583,11ms,150ms,34ms,107ms
90,q-conv-clustered,b,d0e931bf-8378-4377-b448-32cdcd142fca,a865e934-d450-4e9c-a18f-ba3d09ea5309,39,11,80,582,11ms,65ms,23ms,33ms
110,q-conv-clustered,b,ab7c56b6-9c1e-4dc5-8f25-0eb5644ae210,51bea5fb-1c04-4491-9f0e-e9eb8eb04c10,29,9,82,585,11ms,42ms,11ms,25ms
100,q-conv-clustered,b,68b4d330-7ca0-476a-b224-b26bc3176700,5a67694b-e6ad-42a1-9ec9-6b9544ae02de,278,11,80,583,9.2ms,537ms,357ms,274ms
120,q-conv-clustered,b,d0e931bf-8378-4377-b448-32cdcd142fca,1fc38ad6-e28b-486f-8002-44421fc1ce94,123,15,80,582,9.6ms,242ms,42ms,118ms
130,q-conv-clustered,b,93d95799-3257-409f-9a1f-c4e6b1acbac7,d49b9424-7bb1-4c6d-b154-e37f25cf775b,137,25,80,582,13ms,282ms,96ms,134ms
150,q-conv-clustered,b,eee42173-a8dc-4a3f-be3d-79f44dada5b3,9ea34848-70e3-423d-a1c9-760d3f6a3e45,52,15,80,583,12ms,88ms,56ms,49ms
140,q-conv-clustered,b,93d95799-3257-409f-9a1f-c4e6b1acbac7,026e1fbf-5b52-4c3d-a3d8-426f61b65dd0,148,9,80,582,9.4ms,307ms,124ms,143ms
160,q-conv-clustered,b,93d95799-3257-409f-9a1f-c4e6b1acbac7,9764373b-221f-4c1a-a81c-e9497f78de72,99,9,80,582,11ms,136ms,42ms,95ms
170,q-conv-clustered,b,11eaa9c3-4b8f-45e3-b426-78c6d8e7e252,fb03fc64-78f4-462f-a3f9-6b8998fa97ed,55,12,80,583,10ms,94ms,37ms,51ms
180,q-conv-clustered,b,c44dc1fc-8f74-43dd-9566-d8b2be710def,9f3546b5-c345-4dc0-9b7c-51cdc4491778,126,9,80,583,34ms,372ms,93ms,121ms
190,q-conv-clustered,b,a89d72ec-512f-4655-8c37-b30e5c5e8ec2,2873c2a6-9ad0-4d2f-8ccd-eb7ba4be29dd,112,10,82,585,9.6ms,212ms,50ms,107ms
200,q-conv-clustered,b,d0e931bf-8378-4377-b448-32cdcd142fca,b62162c4-db4d-474a-aed6-262258f744e6,122,17,80,582,12ms,284ms,28ms,118ms
220,q-conv-clustered,b,a89d72ec-512f-4655-8c37-b30e5c5e8ec2,b2217c03-673b-4678-adab-f2f05f8a8ef3,46,7,82,585,8.6ms,79ms,21ms,42ms
210,q-conv-clustered,b,93d95799-3257-409f-9a1f-c4e6b1acbac7,59159804-ed3a-4fdc-b712-db4aee07434e,183,5,80,582,33ms,452ms,12ms,178ms
230,q-conv-clustered,b,11eaa9c3-4b8f-45e3-b426-78c6d8e7e252,92b191a2-bc90-48bd-a932-02543b8393f6,106,15,80,583,10ms,269ms,115ms,101ms
240,q-conv-clustered,b,c8b9a016-520f-4f67-a382-3a944aa907fb,68143cf9-edbf-4d3c-addd-41fec5c97d07,121,7,80,583,56ms,281ms,71ms,117ms
250,q-conv-clustered,b,34d23bae-68b6-4c1a-b15c-043c8f1c52b9,667d1b3e-665a-43fa-b4bd-17f712c00cc9,112,14,82,584,11ms,235ms,49ms,108ms
260,q-conv-clustered,b,ab7c56b6-9c1e-4dc5-8f25-0eb5644ae210,cf0d4ad1-0954-485f-b66a-17bef9675d6f,75,9,82,585,9.7ms,107ms,40ms,72ms
270,q-conv-clustered,b,d0e931bf-8378-4377-b448-32cdcd142fca,71408004-3ed5-4636-a4fb-773655bbf732,98,11,80,582,9.9ms,295ms,45ms,94ms
280,q-conv-clustered,b,d0e931bf-8378-4377-b448-32cdcd142fca,463d624e-605b-4ace-b562-c55b735fa715,120,16,80,582,10ms,210ms,49ms,116ms
290,q-conv-clustered,b,d0e931bf-8378-4377-b448-32cdcd142fca,38e67440-7254-4629-9756-f94b6fb08d0b,98,12,80,582,8.4ms,253ms,71ms,93ms
300,q-conv-clustered,b,34d23bae-68b6-4c1a-b15c-043c8f1c52b9,5933dc06-814a-4bed-a1cb-090cb8f8d50a,176,15,82,584,9.8ms,453ms,95ms,172ms
310,q-conv-clustered,b,93d95799-3257-409f-9a1f-c4e6b1acbac7,dabe8afc-d612-4e06-b5ad-7741af13fdbd,234,13,80,582,10ms,670ms,158ms,230ms
320,q-conv-clustered,b,eee42173-a8dc-4a3f-be3d-79f44dada5b3,55cc7e5e-8229-4c76-9c0a-0c9889c672c6,35,8,80,583,11ms,104ms,27ms,32ms
330,q-conv-clustered,b,ab7c56b6-9c1e-4dc5-8f25-0eb5644ae210,a8fe2497-8ec3-4a2c-a184-9a32097abea5,143,7,82,585,11ms,500ms,112ms,137ms
340,q-conv-clustered,b,ab7c56b6-9c1e-4dc5-8f25-0eb5644ae210,bddc6956-2ac1-43a4-865e-374afb825e1c,143,14,82,585,11ms,358ms,103ms,139ms
350,q-conv-clustered,b,a89d72ec-512f-4655-8c37-b30e5c5e8ec2,169c4355-54b6-45c4-9729-cce4c1b58fb1,125,11,82,585,27ms,178ms,83ms,120ms
360,q-conv-clustered,b,68b4d330-7ca0-476a-b224-b26bc3176700,9ec30a9f-12d4-421c-acdd-0efb721e0464,47,10,80,583,12ms,121ms,48ms,42ms
370,q-conv-clustered,b,ab7c56b6-9c1e-4dc5-8f25-0eb5644ae210,c7eda7fa-c19d-4c9e-834e-74fdc4a3d307,212,7,82,585,12ms,687ms,126ms,207ms
390,q-conv-clustered,b,11eaa9c3-4b8f-45e3-b426-78c6d8e7e252,b16bfaf5-864c-4eec-be9e-d07d8ff52a88,60,12,80,583,8.5ms,88ms,30ms,55ms
380,q-conv-clustered,b,11eaa9c3-4b8f-45e3-b426-78c6d8e7e252,43e7f173-4103-44a8-a118-2bf9a2ffda8a,167,9,80,583,11ms,324ms,107ms,162ms
400,q-conv-clustered,b,68b4d330-7ca0-476a-b224-b26bc3176700,235458b7-f017-40e0-9206-c0b3b1529804,147,10,80,583,10ms,214ms,70ms,143ms
410,q-conv-clustered,b,ab7c56b6-9c1e-4dc5-8f25-0eb5644ae210,c65b3fc2-6b1f-4ff6-9c59-9f205a02a0e2,62,21,82,585,12ms,184ms,44ms,58ms
420,q-conv-clustered,b,c44dc1fc-8f74-43dd-9566-d8b2be710def,6d3c518e-0064-4975-b909-3e4094356fce,99,5,80,583,13ms,257ms,62ms,94ms
430,q-conv-clustered,b,eee42173-a8dc-4a3f-be3d-79f44dada5b3,ae64ac76-9e7d-41da-bf46-4bce5122e7b8,41,10,80,583,12ms,127ms,50ms,37ms
440,q-conv-clustered,b,34d23bae-68b6-4c1a-b15c-043c8f1c52b9,b022262b-c517-474f-bb6a-c6db0b48e0f0,200,10,82,584,9.1ms,307ms,66ms,195ms
450,q-conv-clustered,b,93d95799-3257-409f-9a1f-c4e6b1acbac7,fcdc9f47-1fb6-4370-95f9-3199a925aede,154,14,80,582,21ms,330ms,99ms,151ms
460,q-conv-clustered,b,93d95799-3257-409f-9a1f-c4e6b1acbac7,020fe10f-c51c-494b-8068-3990c267d89f,129,4,80,582,9.2ms,231ms,51ms,123ms
470,q-conv-clustered,b,ab7c56b6-9c1e-4dc5-8f25-0eb5644ae210,b2234ac6-2abe-4a4e-ab71-fc055952b6c3,125,16,82,585,11ms,368ms,57ms,119ms
480,q-conv-clustered,b,d0e931bf-8378-4377-b448-32cdcd142fca,bab8df49-a84c-43ba-aeb7-f49a140f2bd3,118,18,80,582,9.0ms,260ms,50ms,115ms
490,q-conv-clustered,b,93d95799-3257-409f-9a1f-c4e6b1acbac7,f02cc888-8f69-4d14-ad7a-d7a6dd561f2e,73,10,80,582,10ms,157ms,96ms,69ms
500,q-conv-clustered,b,68b4d330-7ca0-476a-b224-b26bc3176700,59c014db-9d4e-4f66-bb8c-585c624c4c87,66,8,80,583,11ms,100ms,43ms,63ms
510,q-conv-clustered,b,a89d72ec-512f-4655-8c37-b30e5c5e8ec2,10e4bca6-3e0a-457d-8150-d51d51b469bb,219,14,82,585,10ms,693ms,142ms,215ms
520,q-conv-clustered,b,68b4d330-7ca0-476a-b224-b26bc3176700,6e6ae89d-4dd1-4c9b-a850-7d1c863a9581,66,8,80,583,10ms,153ms,74ms,61ms
530,q-conv-clustered,b,a89d72ec-512f-4655-8c37-b30e5c5e8ec2,ca002b71-e111-45ed-8a52-f4e94052df98,31,7,82,585,11ms,60ms,18ms,27ms
540,q-conv-clustered,b,11eaa9c3-4b8f-45e3-b426-78c6d8e7e252,197865f1-0369-4d29-8d44-3987d43c5c76,62,14,80,583,8.6ms,95ms,35ms,58ms
550,q-conv-clustered,b,c44dc1fc-8f74-43dd-9566-d8b2be710def,b17f808d-0ed1-42b6-90e9-fd05e1967d88,71,13,80,583,11ms,118ms,51ms,66ms
560,q-conv-clustered,b,d0e931bf-8378-4377-b448-32cdcd142fca,77bb7a76-1d60-4036-8bc4-fe9bfc7f84ed,98,10,80,582,8.9ms,237ms,89ms,93ms
570,q-conv-clustered,b,c44dc1fc-8f74-43dd-9566-d8b2be710def,742345a5-1cf2-4682-94e6-74dc60c53179,48,8,80,583,12ms,61ms,28ms,44ms
580,q-conv-clustered,b,c44dc1fc-8f74-43dd-9566-d8b2be710def,0487cc43-0b45-44d7-a3a6-140c6721d84f,72,7,80,583,11ms,143ms,36ms,67ms
590,q-conv-clustered,b,eee42173-a8dc-4a3f-be3d-79f44dada5b3,39536512-395e-4a7b-95fb-2ab2eca84fa0,40,12,80,583,13ms,73ms,35ms,36ms
600,q-conv-clustered,b,eee42173-a8dc-4a3f-be3d-79f44dada5b3,731b3c47-559c-406e-9c64-21ea6f7f1dad,79,23,80,583,13ms,193ms,18ms,75ms
610,q-conv-clustered,b,34d23bae-68b6-4c1a-b15c-043c8f1c52b9,7103e3bc-5c15-45e2-8ac5-d7ff3bc63443,39,7,82,584,12ms,71ms,15ms,34ms
620,q-conv-clustered,b,93d95799-3257-409f-9a1f-c4e6b1acbac7,f134b204-b1a8-4752-8b21-66573a15d453,181,7,80,582,10ms,422ms,27ms,173ms
630,q-conv-clustered,b,ab7c56b6-9c1e-4dc5-8f25-0eb5644ae210,05562a95-fc03-4b69-b6de-0e29338824bc,77,23,82,585,13ms,143ms,25ms,72ms
640,q-conv-clustered,b,ab7c56b6-9c1e-4dc5-8f25-0eb5644ae210,f136c996-aa2b-40cf-80b2-436fb1848af9,52,5,82,585,11ms,100ms,19ms,47ms
650,q-conv-clustered,b,eee42173-a8dc-4a3f-be3d-79f44dada5b3,3baf89dc-dc3f-46ba-a86e-51cf53c1d813,91,11,80,583,14ms,306ms,19ms,88ms
670,q-conv-clustered,b,11eaa9c3-4b8f-45e3-b426-78c6d8e7e252,bea74f69-f278-40c4-824d-79c37cea36aa,39,11,80,583,9.9ms,94ms,44ms,35ms
660,q-conv-clustered,b,c44dc1fc-8f74-43dd-9566-d8b2be710def,a97af410-e499-4a7f-bfc7-ee7156bd1a61,173,12,80,583,11ms,367ms,42ms,168ms
680,q-conv-clustered,b,c8b9a016-520f-4f67-a382-3a944aa907fb,8c5f234f-a002-4fa7-95e7-a53699b88679,212,17,80,583,9.8ms,412ms,46ms,209ms
690,q-conv-clustered,b,c8b9a016-520f-4f67-a382-3a944aa907fb,3439c7a5-a0c2-45be-b8f6-50610ccf97c4,165,9,80,583,9.0ms,194ms,73ms,160ms
700,q-conv-clustered,b,34d23bae-68b6-4c1a-b15c-043c8f1c52b9,e83a7b11-813f-48c6-ad02-633e8538182f,73,14,82,584,11ms,173ms,82ms,70ms
710,q-conv-clustered,b,c44dc1fc-8f74-43dd-9566-d8b2be710def,ce395942-ff40-4919-b336-787d3d0f213f,120,12,80,583,11ms,349ms,139ms,116ms
720,q-conv-clustered,b,93d95799-3257-409f-9a1f-c4e6b1acbac7,b95112c3-9227-41e3-b4aa-bf194dfbadda,201,19,80,582,9.4ms,710ms,85ms,197ms
730,q-conv-clustered,b,a89d72ec-512f-4655-8c37-b30e5c5e8ec2,040c47a7-3c83-4e49-abb0-8b876fbccc20,57,13,82,585,12ms,138ms,16ms,54ms
740,q-conv-clustered,b,d0e931bf-8378-4377-b448-32cdcd142fca,b489fbce-0bfa-468e-8802-689b3c8b9355,178,14,80,582,10.0ms,520ms,143ms,173ms
750,q-conv-clustered,b,93d95799-3257-409f-9a1f-c4e6b1acbac7,b7ed7c93-9cd8-484c-bead-fdde4940814d,66,9,80,582,12ms,163ms,93ms,61ms
760,q-conv-clustered,b,11eaa9c3-4b8f-45e3-b426-78c6d8e7e252,780e3117-3f6c-440f-8e66-4f0776687e10,257,11,80,583,9.7ms,672ms,63ms,251ms
770,q-conv-clustered,b,ab7c56b6-9c1e-4dc5-8f25-0eb5644ae210,c391ee86-4d5f-443a-9d9e-658f1e0f8b09,196,17,82,585,11ms,410ms,109ms,192ms
780,q-conv-clustered,b,34d23bae-68b6-4c1a-b15c-043c8f1c52b9,3eae402d-e054-4dcf-a1e2-513cdf4c1111,179,9,82,584,8.8ms,332ms,160ms,174ms
790,q-conv-clustered,b,93d95799-3257-409f-9a1f-c4e6b1acbac7,1e810cb0-a0f5-4529-9ca9-189202281422,123,11,80,582,9.7ms,401ms,184ms,119ms
800,q-conv-clustered,b,93d95799-3257-409f-9a1f-c4e6b1acbac7,8664a932-ae0c-4210-8dfb-f55d0b9f5c6f,260,14,80,582,9.4ms,475ms,75ms,255ms
810,q-conv-clustered,b,34d23bae-68b6-4c1a-b15c-043c8f1c52b9,ea829db4-492b-488e-9992-a68cf3103b38,103,9,82,584,9.5ms,196ms,113ms,93ms
820,q-conv-clustered,b,68b4d330-7ca0-476a-b224-b26bc3176700,b8af2b31-7692-4eda-80f2-a321f85d8810,157,10,80,583,10ms,375ms,95ms,153ms
830,q-conv-clustered,b,c44dc1fc-8f74-43dd-9566-d8b2be710def,d21bdb61-b772-4590-a128-6e45b333b524,155,15,80,583,22ms,480ms,87ms,150ms
840,q-conv-clustered,b,a89d72ec-512f-4655-8c37-b30e5c5e8ec2,b6bbbad2-40b7-4ed7-8e57-7f73b8ecc5a1,77,9,82,585,11ms,220ms,23ms,73ms
850,q-conv-clustered,b,a89d72ec-512f-4655-8c37-b30e5c5e8ec2,cd0decc5-b2f2-4927-b760-de5b3a6d329e,110,6,82,585,9.3ms,245ms,122ms,105ms
860,q-conv-clustered,b,d0e931bf-8378-4377-b448-32cdcd142fca,d9ccc89f-abaa-4081-ba3f-f798e3f33f07,66,12,80,582,8.8ms,95ms,37ms,61ms
880,q-conv-clustered,b,d0e931bf-8378-4377-b448-32cdcd142fca,ed900c94-3d26-477b-ae80-706a43107cfe,43,11,80,582,9.8ms,78ms,60ms,38ms
870,q-conv-clustered,b,34d23bae-68b6-4c1a-b15c-043c8f1c52b9,feceb63e-d52a-4cc0-9825-d799e6eb61a7,180,15,82,584,8.8ms,415ms,95ms,177ms
890,q-conv-clustered,b,34d23bae-68b6-4c1a-b15c-043c8f1c52b9,cdc14398-af9c-4dd7-8f09-169f42c85507,86,11,82,584,9.0ms,152ms,34ms,82ms
900,q-conv-clustered,b,68b4d330-7ca0-476a-b224-b26bc3176700,a09bce9d-3eb3-4157-b2af-4c109234828d,67,8,80,583,12ms,158ms,52ms,63ms
910,q-conv-clustered,b,eee42173-a8dc-4a3f-be3d-79f44dada5b3,c224e913-67b1-421f-a16a-5973a34eb060,52,8,80,583,13ms,68ms,38ms,47ms
920,q-conv-clustered,b,34d23bae-68b6-4c1a-b15c-043c8f1c52b9,bcf7a382-1171-498e-acc4-b576103316f4,45,8,82,584,9.5ms,114ms,20ms,41ms
930,q-conv-clustered,b,a89d72ec-512f-4655-8c37-b30e5c5e8ec2,24752d87-9e88-4772-b13c-7a35954957b2,95,7,82,585,19ms,334ms,33ms,92ms
940,q-conv-clustered,b,ab7c56b6-9c1e-4dc5-8f25-0eb5644ae210,55600be4-1474-4d7e-8642-109f53221b7b,105,8,82,585,11ms,157ms,20ms,100ms
950,q-conv-clustered,b,c8b9a016-520f-4f67-a382-3a944aa907fb,e232254d-537c-4ca3-9b5f-443d796d6170,78,13,80,583,9.4ms,110ms,53ms,74ms
960,q-conv-clustered,b,68b4d330-7ca0-476a-b224-b26bc3176700,63fd3267-5932-4b9c-8e36-21fd2dcb139a,106,17,80,583,9.7ms,178ms,28ms,103ms
970,q-conv-clustered,b,34d23bae-68b6-4c1a-b15c-043c8f1c52b9,19b9219c-c917-4661-be58-6f0f67e14e93,125,10,82,584,12ms,332ms,134ms,122ms
980,q-conv-clustered,b,68b4d330-7ca0-476a-b224-b26bc3176700,55c2cce1-36d4-41bd-bff0-2586ea32e967,87,11,80,583,10.0ms,115ms,34ms,82ms
990,q-conv-clustered,b,68b4d330-7ca0-476a-b224-b26bc3176700,2bea38a4-d9a4-48f1-94f7-33233f1d0b87,94,16,80,583,9.2ms,102ms,48ms,89ms
1000,q-conv-clustered,b,ab7c56b6-9c1e-4dc5-8f25-0eb5644ae210,60ecf5ff-cd29-4d1f-9035-0858f0d9fda7,181,9,82,585,10ms,471ms,122ms,176ms
1010,q-conv-clustered,b,d0e931bf-8378-4377-b448-32cdcd142fca,2d0a5c8d-bc03-4940-9533-8c927839d01f,97,8,80,582,8.8ms,170ms,67ms,93ms
1020,q-conv-clustered,b,34d23bae-68b6-4c1a-b15c-043c8f1c52b9,6e21e273-9eca-4e3a-9045-64cd7e6486be,103,17,82,584,11ms,296ms,55ms,98ms
1030,q-conv-clustered,b,93d95799-3257-409f-9a1f-c4e6b1acbac7,6dbc393f-e575-40b8-8813-70ed25af49d2,130,15,80,582,10ms,256ms,40ms,126ms
1040,q-conv-clustered,b,34d23bae-68b6-4c1a-b15c-043c8f1c52b9,84e0b807-fdc5-4888-999e-ca359d7e7232,110,13,82,584,13ms,343ms,137ms,106ms
1050,q-conv-clustered,b,d0e931bf-8378-4377-b448-32cdcd142fca,84235867-798b-4577-b46f-e7e4f04cbf83,64,4,80,582,9.6ms,130ms,20ms,60ms
1070,q-conv-clustered,b,34d23bae-68b6-4c1a-b15c-043c8f1c52b9,19a7a3d5-7a91-4cc1-a806-59ba71a1fa6f,68,8,82,584,9.3ms,148ms,44ms,65ms
1060,q-conv-clustered,b,c8b9a016-520f-4f67-a382-3a944aa907fb,a92d0b34-25da-46e9-b6e4-e4639fc9ef57,167,13,80,583,13ms,475ms,74ms,162ms
1080,q-conv-clustered,b,c8b9a016-520f-4f67-a382-3a944aa907fb,eafa9cbd-b5af-4a2d-97d3-2227bd29be9a,81,8,80,583,10.0ms,149ms,82ms,77ms
1090,q-conv-clustered,b,11eaa9c3-4b8f-45e3-b426-78c6d8e7e252,1badffc2-9ffc-4540-9989-06a64224f964,198,11,80,583,9.6ms,493ms,164ms,192ms
1100,q-conv-clustered,b,c8b9a016-520f-4f67-a382-3a944aa907fb,c162cba9-27d1-4159-9586-7a4c94e4b1e5,100,15,80,583,10ms,222ms,82ms,96ms
1110,q-conv-clustered,b,d0e931bf-8378-4377-b448-32cdcd142fca,58c02eda-fff7-402a-b900-070de1c029d7,90,5,80,582,9.4ms,162ms,53ms,85ms
1120,q-conv-clustered,b,d0e931bf-8378-4377-b448-32cdcd142fca,b3c03bf2-6302-40e5-bc21-bb334fe180c1,104,17,80,582,10ms,336ms,56ms,100ms
1130,q-conv-clustered,b,c44dc1fc-8f74-43dd-9566-d8b2be710def,00bcc8bc-d3c4-40ec-bf82-e6d7bf3e2e6b,83,14,80,583,11ms,189ms,99ms,78ms
1140,q-conv-clustered,b,68b4d330-7ca0-476a-b224-b26bc3176700,25041203-f3e9-475c-867f-39b0e37b2bb3,103,17,80,583,8.9ms,224ms,125ms,99ms
1150,q-conv-clustered,b,68b4d330-7ca0-476a-b224-b26bc3176700,d565fb04-27e5-4b66-880b-8d4d5d6e7649,79,12,80,583,8.4ms,152ms,26ms,74ms
1160,q-conv-clustered,b,ab7c56b6-9c1e-4dc5-8f25-0eb5644ae210,1a15ac03-8e85-495b-b9b6-cb7123a36772,72,13,82,585,14ms,233ms,13ms,68ms
1170,q-conv-clustered,b,11eaa9c3-4b8f-45e3-b426-78c6d8e7e252,ca05ea0e-81d2-4cfc-b1f8-0a39fbfde037,89,13,80,583,9.2ms,175ms,23ms,86ms
1180,q-conv-clustered,b,93d95799-3257-409f-9a1f-c4e6b1acbac7,9e63234c-86e9-4e54-a0ad-343dfece1771,124,11,80,582,10ms,331ms,45ms,120ms
1190,q-conv-clustered,b,d0e931bf-8378-4377-b448-32cdcd142fca,dc88c0ca-58b9-4877-908c-f0af8c043065,93,14,80,582,9.3ms,236ms,31ms,89ms
1210,q-conv-clustered,b,68b4d330-7ca0-476a-b224-b26bc3176700,06224152-d0dc-45aa-b6ab-2c0330896d51,48,17,80,583,9.7ms,93ms,13ms,44ms
1200,q-conv-clustered,b,ab7c56b6-9c1e-4dc5-8f25-0eb5644ae210,5e14e906-0961-4ecd-be64-4ff86070a6fe,216,8,82,585,9.2ms,497ms,92ms,211ms
1220,q-conv-clustered,b,93d95799-3257-409f-9a1f-c4e6b1acbac7,78906d05-a5b2-49fa-9c2e-e53e64be883b,59,8,80,582,10ms,139ms,38ms,54ms
1230,q-conv-clustered,b,11eaa9c3-4b8f-45e3-b426-78c6d8e7e252,d251efa9-4672-42f7-ba9a-41afa8cbae06,117,8,80,583,9.7ms,277ms,27ms,111ms
1240,q-conv-clustered,b,c8b9a016-520f-4f67-a382-3a944aa907fb,47854f5a-d4a7-4fa3-b7ed-6c46b068231c,62,13,80,583,9.1ms,149ms,42ms,58ms
1250,q-conv-clustered,b,34d23bae-68b6-4c1a-b15c-043c8f1c52b9,b255e224-3c85-47a1-9026-c2be2273209a,101,14,82,584,10ms,318ms,53ms,96ms
1260,q-conv-clustered,b,c8b9a016-520f-4f67-a382-3a944aa907fb,507dc688-f0d2-4b63-9af4-590eca899f86,106,10,80,583,9.6ms,371ms,46ms,102ms
1270,q-conv-clustered,b,34d23bae-68b6-4c1a-b15c-043c8f1c52b9,f8847908-a66c-412d-946a-1659ecee6f51,236,9,82,584,10ms,477ms,134ms,230ms
1280,q-conv-clustered,b,d0e931bf-8378-4377-b448-32cdcd142fca,b2485ede-404c-41d6-8917-adc07b5ff31e,122,12,80,582,9.4ms,273ms,100ms,118ms
1290,q-conv-clustered,b,d0e931bf-8378-4377-b448-32cdcd142fca,3bfd5823-63e9-4ffa-b4c6-f7458f3baf66,91,10,80,582,8.8ms,173ms,59ms,87ms
1300,q-conv-clustered,b,34d23bae-68b6-4c1a-b15c-043c8f1c52b9,5882437c-7045-4e44-aa4c-dd5d32ce9e21,90,13,82,584,9.3ms,230ms,90ms,86ms
1310,q-conv-clustered,b,68b4d330-7ca0-476a-b224-b26bc3176700,a2a42cd4-7a64-4bfd-96a7-cbcff403e71b,91,19,80,583,9.9ms,125ms,64ms,86ms
1320,q-conv-clustered,b,eee42173-a8dc-4a3f-be3d-79f44dada5b3,c8eabc35-f597-476c-be2e-708736c4ccb2,74,13,80,583,8.8ms,246ms,27ms,68ms
1330,q-conv-clustered,b,c8b9a016-520f-4f67-a382-3a944aa907fb,05daf115-9274-45af-ab87-8465ee5d7570,156,6,80,583,11ms,380ms,37ms,152ms
1340,q-conv-clustered,b,68b4d330-7ca0-476a-b224-b26bc3176700,06b38fb5-226c-4151-8782-156901319adc,92,14,80,583,11ms,113ms,47ms,88ms
1350,q-conv-clustered,b,c8b9a016-520f-4f67-a382-3a944aa907fb,91a02335-80cc-4dda-9240-7849c3e05b7c,107,7,80,583,9.5ms,171ms,58ms,102ms
1360,q-conv-clustered,b,11eaa9c3-4b8f-45e3-b426-78c6d8e7e252,6b8e85f8-395e-4db8-a2bf-ccb849314940,90,11,80,583,9.5ms,304ms,64ms,87ms
1380,q-conv-clustered,b,ab7c56b6-9c1e-4dc5-8f25-0eb5644ae210,4913586f-2cd4-48a2-a520-70982c3328f7,59,13,82,585,11ms,126ms,13ms,56ms
1370,q-conv-clustered,b,34d23bae-68b6-4c1a-b15c-043c8f1c52b9,21389b1f-bfac-4a0c-a5b3-d6f6448b4de9,206,12,82,584,11ms,579ms,118ms,202ms
1390,q-conv-clustered,b,eee42173-a8dc-4a3f-be3d-79f44dada5b3,4a3c00de-66a1-4d48-a449-590cee7559d2,40,14,80,583,12ms,53ms,19ms,36ms
1400,q-conv-clustered,b,c44dc1fc-8f74-43dd-9566-d8b2be710def,d7747e32-69e3-4182-bb5d-aa682c29d45a,99,8,80,583,12ms,196ms,55ms,92ms
1410,q-conv-clustered,b,c8b9a016-520f-4f67-a382-3a944aa907fb,87dd30f1-b408-47c8-b3e2-5608f43f66f9,93,15,80,583,9.9ms,198ms,68ms,89ms
1420,q-conv-clustered,b,11eaa9c3-4b8f-45e3-b426-78c6d8e7e252,301cbb5c-dca5-46f8-b1c5-60f181d9dbad,84,8,80,583,9.4ms,200ms,97ms,79ms
1430,q-conv-clustered,b,68b4d330-7ca0-476a-b224-b26bc3176700,4642cf84-80b8-47a2-ae8e-f0ece8cc3f68,163,4,80,583,10ms,450ms,114ms,159ms
1440,q-conv-clustered,b,ab7c56b6-9c1e-4dc5-8f25-0eb5644ae210,d2a349c9-4d5e-4269-a9ee-5dcfbb4d1406,63,15,82,585,10ms,156ms,42ms,60ms
1450,q-conv-clustered,b,eee42173-a8dc-4a3f-be3d-79f44dada5b3,514f9f2a-6616-4a3d-86ad-a7ff97e238d5,58,13,80,583,11ms,128ms,19ms,53ms
1460,q-conv-clustered,b,c44dc1fc-8f74-43dd-9566-d8b2be710def,e4559259-4266-43d1-98dd-bf83fc882dda,121,10,80,583,13ms,324ms,42ms,117ms
1470,q-conv-clustered,b,c44dc1fc-8f74-43dd-9566-d8b2be710def,5b23d567-ffcd-41fe-a1f9-5872fada8d15,64,12,80,583,11ms,124ms,37ms,60ms
1480,q-conv-clustered,b,68b4d330-7ca0-476a-b224-b26bc3176700,6de8b4ac-4276-477d-8196-9c1b6c7e28b7,127,12,80,583,22ms,369ms,158ms,121ms
1490,q-conv-clustered,b,ab7c56b6-9c1e-4dc5-8f25-0eb5644ae210,b177226e-58a1-4d8b-9df2-dca62c85fec8,71,12,82,585,9.6ms,113ms,13ms,67ms
1510,q-conv-clustered,b,eee42173-a8dc-4a3f-be3d-79f44dada5b3,082b9a10-4d59-4082-8213-c2234a385833,85,12,80,583,14ms,105ms,55ms,82ms
1500,q-conv-clustered,b,d0e931bf-8378-4377-b448-32cdcd142fca,5e6e0a3e-113d-41ab-b8ed-1b99a68311a7,167,13,80,582,9.7ms,529ms,121ms,163ms
1520,q-conv-clustered,b,c44dc1fc-8f74-43dd-9566-d8b2be710def,5a987e3b-3c70-48e0-91a3-2ba58b3b559e,110,7,80,583,12ms,261ms,45ms,102ms
1530,q-conv-clustered,b,d0e931bf-8378-4377-b448-32cdcd142fca,acdecf0b-16e6-4115-93fa-31a3ff24fea8,109,13,80,582,12ms,260ms,122ms,104ms
1540,q-conv-clustered,b,ab7c56b6-9c1e-4dc5-8f25-0eb5644ae210,dd1b1822-0e3c-42c4-b7b5-72fdaaae6adf,49,14,82,585,11ms,128ms,49ms,45ms
1550,q-conv-clustered,b,ab7c56b6-9c1e-4dc5-8f25-0eb5644ae210,df7e6f9d-1828-4e44-98b5-196f47cb76f2,58,7,82,585,9.3ms,69ms,39ms,54ms
1560,q-conv-clustered,b,d0e931bf-8378-4377-b448-32cdcd142fca,52f66597-edad-4708-9803-63f48af50663,46,13,80,582,9.8ms,91ms,23ms,41ms
1570,q-conv-clustered,b,34d23bae-68b6-4c1a-b15c-043c8f1c52b9,63142b6c-8da4-4048-a6a6-225a85b20936,203,11,82,584,36ms,653ms,133ms,198ms
1580,q-conv-clustered,b,eee42173-a8dc-4a3f-be3d-79f44dada5b3,ebd0c9e0-da5b-4f5c-9e52-af28358266c8,154,9,80,583,14ms,253ms,67ms,150ms
1590,q-conv-clustered,b,68b4d330-7ca0-476a-b224-b26bc3176700,6ce54a60-79c4-4251-90ef-43d17c0a09b1,99,15,80,583,10ms,138ms,108ms,94ms
1600,q-conv-clustered,b,a89d72ec-512f-4655-8c37-b30e5c5e8ec2,e699f3ce-c8ce-4906-bd79-38719be0cbbf,75,10,82,585,9.1ms,197ms,65ms,72ms
1610,q-conv-clustered,b,a89d72ec-512f-4655-8c37-b30e5c5e8ec2,4a0ef745-b280-40f5-b6ff-51c63cf1a683,96,11,82,585,10ms,226ms,26ms,93ms
1620,q-conv-clustered,b,34d23bae-68b6-4c1a-b15c-043c8f1c52b9,2e337d45-a96b-4a4b-860d-4816a83e3553,96,13,82,584,12ms,191ms,67ms,92ms
1630,q-conv-clustered,b,68b4d330-7ca0-476a-b224-b26bc3176700,2ab0417a-f516-4c93-84ad-1982ae1d58f8,88,12,80,583,10ms,195ms,22ms,84ms
1640,q-conv-clustered,b,c8b9a016-520f-4f67-a382-3a944aa907fb,b1a82b79-b896-4afb-abd1-7ebd1a7955c4,139,11,80,583,10ms,472ms,104ms,135ms
1650,q-conv-clustered,b,11eaa9c3-4b8f-45e3-b426-78c6d8e7e252,82786149-02a2-4893-a809-4d53aa712c1a,133,11,80,583,10ms,190ms,90ms,127ms
1660,q-conv-clustered,b,93d95799-3257-409f-9a1f-c4e6b1acbac7,2e0e9ebd-7f4b-41f3-8849-ca72a64754cf,162,11,80,582,48ms,371ms,181ms,158ms
1670,q-conv-clustered,b,c8b9a016-520f-4f67-a382-3a944aa907fb,0fe8623a-e97b-4e83-8ece-7ccdc1261ef7,161,10,80,583,11ms,368ms,93ms,156ms
1680,q-conv-clustered,b,11eaa9c3-4b8f-45e3-b426-78c6d8e7e252,c79086be-f773-4d55-8bbf-80eacc2f0654,80,9,80,583,9.5ms,220ms,22ms,72ms
1690,q-conv-clustered,b,34d23bae-68b6-4c1a-b15c-043c8f1c52b9,3252dbd9-8dbe-444b-a38b-f5f2d1d92e2b,131,6,82,584,31ms,281ms,51ms,127ms
1700,q-conv-clustered,b,a89d72ec-512f-4655-8c37-b30e5c5e8ec2,6a28a1b4-a962-4a79-9e0f-392c34279898,58,7,82,585,10ms,79ms,35ms,54ms
1710,q-conv-clustered,b,11eaa9c3-4b8f-45e3-b426-78c6d8e7e252,1af9cd8e-04bc-4095-87d4-081add2dc594,133,18,80,583,10ms,317ms,118ms,128ms
1720,q-conv-clustered,b,68b4d330-7ca0-476a-b224-b26bc3176700,1e764b0c-e342-43e0-b39a-4efa6dec05f6,82,10,80,583,12ms,180ms,76ms,78ms
1730,q-conv-clustered,b,11eaa9c3-4b8f-45e3-b426-78c6d8e7e252,5920771c-53fb-430c-8a3b-62cdd31b15d1,68,15,80,583,10ms,118ms,40ms,63ms
1740,q-conv-clustered,b,ab7c56b6-9c1e-4dc5-8f25-0eb5644ae210,ee36f52f-aa2b-44d1-8b6b-c18f255d34a0,63,13,82,585,10ms,112ms,39ms,59ms
1750,q-conv-clustered,b,c44dc1fc-8f74-43dd-9566-d8b2be710def,e2774984-f4f3-4292-a7ec-a9fc459be078,149,8,80,583,12ms,380ms,76ms,144ms
1760,q-conv-clustered,b,d0e931bf-8378-4377-b448-32cdcd142fca,c0a47529-0f69-42f2-8c45-7b42cce10e6b,105,5,80,582,10ms,321ms,143ms,100ms
1770,q-conv-clustered,b,a89d72ec-512f-4655-8c37-b30e5c5e8ec2,65e6d0b1-e979-4d6c-a15c-a73644ba7787,101,6,82,585,11ms,233ms,77ms,95ms
1780,q-conv-clustered,b,eee42173-a8dc-4a3f-be3d-79f44dada5b3,ed4c494f-7a0c-48a9-a9ce-07fb84824eb4,73,11,80,583,9.6ms,139ms,45ms,69ms
1790,q-conv-clustered,b,11eaa9c3-4b8f-45e3-b426-78c6d8e7e252,6a383f5f-e6c7-413e-866f-5f0d2c576052,90,18,80,583,9.9ms,208ms,53ms,87ms
1800,q-conv-clustered,b,a89d72ec-512f-4655-8c37-b30e5c5e8ec2,2e825a62-fcdb-4189-94bf-0a717a3d5013,95,9,82,585,9.5ms,248ms,95ms,91ms
1810,q-conv-clustered,b,c8b9a016-520f-4f67-a382-3a944aa907fb,045814a5-1d13-45b9-bb15-21bc3f4d3519,38,17,80,583,10ms,51ms,17ms,33ms
1820,q-conv-clustered,b,d0e931bf-8378-4377-b448-32cdcd142fca,ff1e49f2-654f-4fcc-8d01-ff0e721fb6fc,92,6,80,582,8.5ms,257ms,128ms,87ms
1830,q-conv-clustered,b,11eaa9c3-4b8f-45e3-b426-78c6d8e7e252,85b24dc2-ef50-41a7-80c3-18fe8571553c,131,11,80,583,11ms,352ms,99ms,127ms
1840,q-conv-clustered,b,11eaa9c3-4b8f-45e3-b426-78c6d8e7e252,02bfd6d1-2863-4d93-8f9c-c8d88d231e09,103,21,80,583,10ms,220ms,78ms,100ms
1850,q-conv-clustered,b,68b4d330-7ca0-476a-b224-b26bc3176700,33074999-7339-4927-8d2a-badf3e2df346,82,11,80,583,10ms,132ms,40ms,78ms
1860,q-conv-clustered,b,eee42173-a8dc-4a3f-be3d-79f44dada5b3,886c2b74-c763-4225-bae9-673e72854c4a,133,5,80,583,12ms,225ms,21ms,128ms
1870,q-conv-clustered,b,34d23bae-68b6-4c1a-b15c-043c8f1c52b9,0e50e554-922d-43b4-a428-bfb66a785ae2,106,15,82,584,10ms,155ms,74ms,101ms
1880,q-conv-clustered,b,34d23bae-68b6-4c1a-b15c-043c8f1c52b9,510000a8-8841-456d-adea-e54c7ceae5e4,81,11,82,584,9.7ms,202ms,32ms,78ms
1890,q-conv-clustered,b,11eaa9c3-4b8f-45e3-b426-78c6d8e7e252,fe6c5987-02ab-494d-a97b-8dc41717d443,68,10,80,583,9.2ms,214ms,31ms,64ms
1900,q-conv-clustered,b,34d23bae-68b6-4c1a-b15c-043c8f1c52b9,a35b3ac9-4b8a-4406-b1dc-4812528772db,144,9,82,584,12ms,251ms,60ms,140ms
1920,q-conv-clustered,b,68b4d330-7ca0-476a-b224-b26bc3176700,b5044325-c938-431a-b26c-ce4707688d62,123,12,80,583,8.8ms,131ms,42ms,117ms
1910,q-conv-clustered,b,34d23bae-68b6-4c1a-b15c-043c8f1c52b9,7022e59f-07af-48d6-9f1e-1c6aaf3cf9f5,248,12,82,584,11ms,439ms,221ms,244ms
1930,q-conv-clustered,b,d0e931bf-8378-4377-b448-32cdcd142fca,9970c742-1a56-4e15-8d9f-268754efe1c5,96,10,80,582,11ms,232ms,110ms,92ms
1950,q-conv-clustered,b,ab7c56b6-9c1e-4dc5-8f25-0eb5644ae210,126c2f65-1452-4282-9e2c-86bf4c40a9da,67,13,82,585,9.9ms,120ms,16ms,62ms
1940,q-conv-clustered,b,34d23bae-68b6-4c1a-b15c-043c8f1c52b9,b3f80f14-0e19-44c2-8996-848cfa6e8b98,170,10,82,584,27ms,465ms,144ms,165ms
1960,q-conv-clustered,b,11eaa9c3-4b8f-45e3-b426-78c6d8e7e252,49d03288-eafe-45cc-9d51-382994810aa1,76,15,80,583,9.1ms,95ms,23ms,70ms
1970,q-conv-clustered,b,ab7c56b6-9c1e-4dc5-8f25-0eb5644ae210,395e5193-251d-474f-a353-4e85da0d1f16,67,9,82,585,10ms,152ms,45ms,64ms
1980,q-conv-clustered,b,a89d72ec-512f-4655-8c37-b30e5c5e8ec2,99fd709a-aead-4cde-a597-3c85fc6a4c1f,55,20,82,585,10ms,126ms,50ms,51ms
1990,q-conv-clustered,b,68b4d330-7ca0-476a-b224-b26bc3176700,c018d4fd-1de7-46f3-ad79-018c2d61d571,100,15,80,583,10ms,133ms,89ms,93ms
2000,q-conv-clustered,b,93d95799-3257-409f-9a1f-c4e6b1acbac7,438b7678-f626-4fef-ac54-ce6d2fdfb815,237,10,80,582,8.0ms,595ms,54ms,232ms
2010,q-conv-clustered,b,c44dc1fc-8f74-43dd-9566-d8b2be710def,671e3a87-06c5-40ac-8568-a17362769bf4,212,8,80,583,11ms,328ms,156ms,206ms
2020,q-conv-clustered,b,eee42173-a8dc-4a3f-be3d-79f44dada5b3,29d2016c-5e0b-4fb2-8651-2662af83270e,38,17,80,583,12ms,51ms,13ms,34ms
2030,q-conv-clustered,b,ab7c56b6-9c1e-4dc5-8f25-0eb5644ae210,41bf55c5-ea86-4294-a2fa-0218234557dd,52,11,82,585,10ms,79ms,21ms,48ms
2040,q-conv-clustered,b,c8b9a016-520f-4f67-a382-3a944aa907fb,8e422fda-5783-44ca-92d5-2895dc97074f,167,15,80,583,10ms,267ms,143ms,163ms
2050,q-conv-clustered,b,eee42173-a8dc-4a3f-be3d-79f44dada5b3,5cbde29c-81b6-4b4e-90f6-c41a8c4b2686,55,11,80,583,12ms,178ms,64ms,51ms
2060,q-conv-clustered,b,eee42173-a8dc-4a3f-be3d-79f44dada5b3,8c594f8e-1fc1-4526-abc7-dec7679e9149,52,12,80,583,13ms,167ms,19ms,47ms
2070,q-conv-clustered,b,a89d72ec-512f-4655-8c37-b30e5c5e8ec2,35836dd6-a640-4328-9f18-68deea9b0508,144,10,82,585,14ms,210ms,70ms,140ms
2080,q-conv-clustered,b,ab7c56b6-9c1e-4dc5-8f25-0eb5644ae210,83be36c2-4ec4-4934-bf66-00d3fcd83611,105,18,82,585,19ms,296ms,60ms,101ms
2090,q-conv-clustered,b,a89d72ec-512f-4655-8c37-b30e5c5e8ec2,d70f0829-e148-404a-a3d7-42e7f4d84ace,216,12,82,585,9.5ms,602ms,134ms,210ms
2100,q-conv-clustered,b,eee42173-a8dc-4a3f-be3d-79f44dada5b3,d516dee6-21fe-4793-9cba-e22c89ac3cca,74,12,80,583,10ms,97ms,58ms,70ms
2110,q-conv-clustered,b,34d23bae-68b6-4c1a-b15c-043c8f1c52b9,2fe33246-9d49-4643-8ce7-0af9230438bf,95,11,82,584,11ms,180ms,73ms,92ms
2120,q-conv-clustered,b,eee42173-a8dc-4a3f-be3d-79f44dada5b3,6a02740a-0d73-4b03-b67b-a0d2dc79d4d8,83,9,80,583,13ms,131ms,37ms,76ms
2130,q-conv-clustered,b,eee42173-a8dc-4a3f-be3d-79f44dada5b3,b06e325c-850e-42cf-b8ad-67f908c355a5,42,13,80,583,13ms,127ms,48ms,38ms
2140,q-conv-clustered,b,68b4d330-7ca0-476a-b224-b26bc3176700,a516c19d-2e97-48b4-826f-6c322779adaf,80,14,80,583,9.8ms,178ms,41ms,77ms
2150,q-conv-clustered,b,34d23bae-68b6-4c1a-b15c-043c8f1c52b9,04f4e703-63a1-4db9-a1e6-ac7525124b76,63,11,82,584,10ms,161ms,47ms,60ms
2160,q-conv-clustered,b,d0e931bf-8378-4377-b448-32cdcd142fca,82d680c2-9901-4d1a-af94-03d52d428317,118,18,80,582,9.7ms,279ms,51ms,115ms
2170,q-conv-clustered,b,93d95799-3257-409f-9a1f-c4e6b1acbac7,5f10c906-5794-4785-8148-52f3de589bf5,126,18,80,582,11ms,305ms,88ms,122ms
2180,q-conv-clustered,b,c8b9a016-520f-4f67-a382-3a944aa907fb,9e879b1d-5056-4e39-af30-1ef031b785ed,75,20,80,583,9.2ms,123ms,21ms,72ms
2190,q-conv-clustered,b,93d95799-3257-409f-9a1f-c4e6b1acbac7,8ce8f07d-a2c5-424b-9065-da5c1c8d2a21,105,11,80,582,30ms,320ms,47ms,102ms
2200,q-conv-clustered,b,34d23bae-68b6-4c1a-b15c-043c8f1c52b9,fa44126e-61e3-4807-9667-23486c233126,88,15,82,584,11ms,261ms,62ms,78ms
2210,q-conv-clustered,b,ab7c56b6-9c1e-4dc5-8f25-0eb5644ae210,5b969f74-6a87-42dc-81bd-2fc7da2bb0b3,56,11,82,585,8.9ms,117ms,29ms,49ms
2220,q-conv-clustered,b,11eaa9c3-4b8f-45e3-b426-78c6d8e7e252,de454401-dd98-4c8f-b9a9-6209e7ec2608,115,15,80,583,9.8ms,337ms,67ms,112ms
2230,q-conv-clustered,b,c8b9a016-520f-4f67-a382-3a944aa907fb,f84ee50e-64a3-489c-b443-5091cc0db59f,159,11,80,583,11ms,398ms,213ms,154ms
2240,q-conv-clustered,b,93d95799-3257-409f-9a1f-c4e6b1acbac7,7327c88d-d275-429c-b8e7-32700bc0fafd,146,10,80,582,9.6ms,451ms,127ms,142ms
2250,q-conv-clustered,b,d0e931bf-8378-4377-b448-32cdcd142fca,d0de68f8-6a5e-4779-a6ff-3c39362154c1,99,10,80,582,10ms,272ms,161ms,95ms
2260,q-conv-clustered,b,ab7c56b6-9c1e-4dc5-8f25-0eb5644ae210,cd3c3560-80f2-4d3b-9a88-5b7bd7b46e1b,78,14,82,585,9.9ms,161ms,43ms,74ms
2270,q-conv-clustered,b,c44dc1fc-8f74-43dd-9566-d8b2be710def,dab39b4b-078c-4910-990b-d79b03b84cd0,77,8,80,583,12ms,166ms,55ms,73ms
2280,q-conv-clustered,b,d0e931bf-8378-4377-b448-32cdcd142fca,e0e2bc69-653b-4884-bbee-e7401b0c5b29,100,14,80,582,8.5ms,215ms,48ms,96ms
2290,q-conv-clustered,b,ab7c56b6-9c1e-4dc5-8f25-0eb5644ae210,6231add6-e621-4735-9136-c3bfb3076e69,196,11,82,585,9.6ms,501ms,94ms,193ms
2310,q-conv-clustered,b,eee42173-a8dc-4a3f-be3d-79f44dada5b3,4866149b-c04c-420f-aa7d-9747621b83dc,70,8,80,583,11ms,175ms,42ms,65ms
2300,q-conv-clustered,b,ab7c56b6-9c1e-4dc5-8f25-0eb5644ae210,fc15cae6-ea6a-413f-9a6d-b980a6787366,276,10,82,585,11ms,590ms,194ms,271ms
2320,q-conv-clustered,b,11eaa9c3-4b8f-45e3-b426-78c6d8e7e252,258d6972-bad6-48b7-844f-42c4e1c22bb6,139,12,80,583,10ms,407ms,124ms,133ms
2340,q-conv-clustered,b,c8b9a016-520f-4f67-a382-3a944aa907fb,1a6ad8b9-dfba-485f-8c04-ef60566e37d9,40,12,80,583,11ms,51ms,13ms,32ms
2330,q-conv-clustered,b,11eaa9c3-4b8f-45e3-b426-78c6d8e7e252,a0474d26-b456-4f7c-9a83-1148bac45c6e,161,17,80,583,8.7ms,454ms,167ms,156ms
2350,q-conv-clustered,b,ab7c56b6-9c1e-4dc5-8f25-0eb5644ae210,7a18df6b-d9e2-4ee7-82d5-b6d138cd69ba,209,6,82,585,9.9ms,552ms,91ms,202ms
2360,q-conv-clustered,b,11eaa9c3-4b8f-45e3-b426-78c6d8e7e252,4b02e483-81db-482c-af94-5aa6a496be25,198,14,80,583,8.9ms,321ms,108ms,194ms
2370,q-conv-clustered,b,c44dc1fc-8f74-43dd-9566-d8b2be710def,f52e8d14-1984-4e65-8265-763e374bfb2a,114,13,80,583,12ms,345ms,56ms,110ms
2380,q-conv-clustered,b,93d95799-3257-409f-9a1f-c4e6b1acbac7,8ddd6e58-3e92-4d74-beeb-f2cab3369c92,129,11,80,582,11ms,280ms,94ms,126ms
2390,q-conv-clustered,b,a89d72ec-512f-4655-8c37-b30e5c5e8ec2,5c6c74fc-2faf-4ba2-97ad-55d60bc1212a,78,9,82,585,9.6ms,140ms,42ms,74ms
2400,q-conv-clustered,b,68b4d330-7ca0-476a-b224-b26bc3176700,4a3710c3-e843-4aed-baa8-b1b1b09fa172,83,12,80,583,9.8ms,166ms,53ms,78ms
2410,q-conv-clustered,b,68b4d330-7ca0-476a-b224-b26bc3176700,57c2cb8f-36d4-4255-8198-176e965adce1,182,17,80,583,11ms,453ms,241ms,178ms
2420,q-conv-clustered,b,34d23bae-68b6-4c1a-b15c-043c8f1c52b9,0229be39-9f43-49f2-b570-65203759db19,146,13,82,584,11ms,229ms,17ms,141ms
2430,q-conv-clustered,b,a89d72ec-512f-4655-8c37-b30e5c5e8ec2,62881fc1-90dd-4ab6-b039-38a392b12762,65,15,82,585,10ms,148ms,63ms,60ms
2440,q-conv-clustered,b,a89d72ec-512f-4655-8c37-b30e5c5e8ec2,bfd62666-447d-4236-ac11-5bdad3c77dbc,112,14,82,585,9.7ms,190ms,64ms,106ms
2450,q-conv-clustered,b,a89d72ec-512f-4655-8c37-b30e5c5e8ec2,953659b0-0755-49d7-b2e9-0b5967df52e9,43,14,82,585,9.2ms,118ms,51ms,39ms
2460,q-conv-clustered,b,68b4d330-7ca0-476a-b224-b26bc3176700,86656db0-4871-4368-a0e4-896ea681e4de,127,10,80,583,9.3ms,378ms,106ms,123ms
2470,q-conv-clustered,b,11eaa9c3-4b8f-45e3-b426-78c6d8e7e252,ffa72f7a-4fd6-40ee-8108-fa8abeafd5f0,76,8,80,583,9.9ms,167ms,51ms,72ms
2480,q-conv-clustered,b,93d95799-3257-409f-9a1f-c4e6b1acbac7,bf31696b-8531-4353-aea4-4c215195254a,163,14,80,582,9.8ms,450ms,95ms,157ms
2490,q-conv-clustered,b,a89d72ec-512f-4655-8c37-b30e5c5e8ec2,6d7be8ea-99bc-41c0-bee9-a505d3924def,43,14,82,585,10ms,125ms,46ms,38ms
2500,q-conv-clustered,b,93d95799-3257-409f-9a1f-c4e6b1acbac7,31dbfd1d-fb54-4bb4-a9d6-b253980d4f4e,129,6,80,582,12ms,277ms,100ms,125ms
2510,q-conv-clustered,b,c44dc1fc-8f74-43dd-9566-d8b2be710def,b328403f-ac39-4183-ae6b-829add43c2a5,97,12,80,583,11ms,163ms,79ms,94ms
2520,q-conv-clustered,b,c8b9a016-520f-4f67-a382-3a944aa907fb,b597e980-b89a-4bde-ab82-6a339e1583b3,149,8,80,583,9.5ms,246ms,93ms,145ms
2530,q-conv-clustered,b,ab7c56b6-9c1e-4dc5-8f25-0eb5644ae210,b0da0413-806a-4790-9b50-9c082b8a981b,48,9,82,585,9.2ms,75ms,29ms,43ms
2540,q-conv-clustered,b,eee42173-a8dc-4a3f-be3d-79f44dada5b3,00697b49-0cb2-4f03-a826-8139e84ffa70,33,17,80,583,10ms,50ms,12ms,28ms
2550,q-conv-clustered,b,93d95799-3257-409f-9a1f-c4e6b1acbac7,d51a1d7f-3333-40dc-b11c-eeb8a406f3c7,137,12,80,582,22ms,185ms,33ms,133ms
2560,q-conv-clustered,b,11eaa9c3-4b8f-45e3-b426-78c6d8e7e252,de40ad39-e6c0-4643-8444-dc2cda047115,54,11,80,583,11ms,147ms,52ms,50ms
2570,q-conv-clustered,b,93d95799-3257-409f-9a1f-c4e6b1acbac7,2d995217-4971-49f2-92f0-8435bf69d622,133,16,80,582,20ms,245ms,117ms,128ms
2580,q-conv-clustered,b,eee42173-a8dc-4a3f-be3d-79f44dada5b3,548cc58b-4e6c-42e9-a031-60dbf4bda550,74,15,80,583,11ms,237ms,94ms,70ms
2590,q-conv-clustered,b,eee42173-a8dc-4a3f-be3d-79f44dada5b3,016bb490-0cb5-4f5a-bd8f-0527bce4b1b7,43,6,80,583,9.3ms,57ms,28ms,39ms
2600,q-conv-clustered,b,eee42173-a8dc-4a3f-be3d-79f44dada5b3,da5e0919-6dde-4ec3-8d1d-fcb11743f5a8,29,14,80,583,11ms,80ms,13ms,25ms
2610,q-conv-clustered,b,a89d72ec-512f-4655-8c37-b30e5c5e8ec2,8033b682-f16e-49a1-a8e7-470aa8d4f188,123,12,82,585,15ms,289ms,176ms,118ms
2630,q-conv-clustered,b,11eaa9c3-4b8f-45e3-b426-78c6d8e7e252,4a5b33b1-a18f-4fae-9dd3-5bef5788685e,70,15,80,583,12ms,185ms,33ms,66ms
2620,q-conv-clustered,b,c44dc1fc-8f74-43dd-9566-d8b2be710def,15c45424-2b6b-4ac3-a537-c53e70f3911a,367,9,80,583,35ms,1.14s,176ms,362ms
2640,q-conv-clustered,b,d0e931bf-8378-4377-b448-32cdcd142fca,6eea1195-6534-4c79-b029-a4dadec3b54f,54,15,80,582,9.6ms,129ms,25ms,48ms
2650,q-conv-clustered,b,c8b9a016-520f-4f67-a382-3a944aa907fb,30497fa4-7113-4bf3-8e63-cd2fbe2ab28b,171,8,80,583,10ms,370ms,118ms,164ms
2670,q-conv-clustered,b,a89d72ec-512f-4655-8c37-b30e5c5e8ec2,04acdab1-5f7a-4271-a929-b7956d856d24,65,9,82,585,10ms,109ms,25ms,60ms
2660,q-conv-clustered,b,68b4d330-7ca0-476a-b224-b26bc3176700,cf1f5f10-639b-4942-a43a-02ddab255dcd,240,8,80,583,56ms,676ms,191ms,234ms
2680,q-conv-clustered,b,34d23bae-68b6-4c1a-b15c-043c8f1c52b9,1e30fa0b-a43a-4a76-a8ee-478776debd8c,81,25,82,584,9.5ms,104ms,56ms,77ms
2690,q-conv-clustered,b,a89d72ec-512f-4655-8c37-b30e5c5e8ec2,a08ab6e8-1d98-49b0-b58c-339995068571,70,7,82,585,10ms,134ms,37ms,64ms
2700,q-conv-clustered,b,c8b9a016-520f-4f67-a382-3a944aa907fb,a53b9487-a3a4-46c5-9de5-b2f6b8de2671,127,8,80,583,9.7ms,206ms,26ms,123ms
2710,q-conv-clustered,b,d0e931bf-8378-4377-b448-32cdcd142fca,531e525a-a422-4a59-b144-ab12a25af948,137,11,80,582,9.4ms,369ms,54ms,132ms
2720,q-conv-clustered,b,34d23bae-68b6-4c1a-b15c-043c8f1c52b9,e268f553-71c8-4116-af9e-54234df6a170,95,12,82,584,32ms,170ms,75ms,89ms
2730,q-conv-clustered,b,93d95799-3257-409f-9a1f-c4e6b1acbac7,d9a6a0f8-d09e-4558-90ea-2d32094c8dca,77,8,80,582,9.2ms,115ms,22ms,73ms
2740,q-conv-clustered,b,93d95799-3257-409f-9a1f-c4e6b1acbac7,cb987db0-3ee4-47b2-89f7-28df026f556f,202,11,80,582,9.7ms,493ms,140ms,197ms
2750,q-conv-clustered,b,34d23bae-68b6-4c1a-b15c-043c8f1c52b9,c75bab5e-dbd4-4349-9ed8-7417d983df49,240,13,82,584,11ms,490ms,180ms,236ms
2760,q-conv-clustered,b,34d23bae-68b6-4c1a-b15c-043c8f1c52b9,3fa37a24-dcc1-4eeb-9545-fd0eaae6872a,158,15,82,584,9.5ms,317ms,110ms,155ms
2770,q-conv-clustered,b,d0e931bf-8378-4377-b448-32cdcd142fca,d8066d6b-9a8e-479a-8d10-08661516650d,132,10,80,582,10ms,328ms,27ms,127ms
2780,q-conv-clustered,b,eee42173-a8dc-4a3f-be3d-79f44dada5b3,64c49233-d63c-4d1e-8bf4-3bfdef30a9ce,134,10,80,583,12ms,413ms,132ms,130ms
2790,q-conv-clustered,b,a89d72ec-512f-4655-8c37-b30e5c5e8ec2,226bf793-73f1-486c-97d2-40b6b5b9b725,82,15,82,585,11ms,165ms,19ms,77ms
2800,q-conv-clustered,b,ab7c56b6-9c1e-4dc5-8f25-0eb5644ae210,56b9fd67-6131-4fbb-9f47-eaae09fe17c9,66,19,82,585,11ms,141ms,46ms,63ms
2810,q-conv-clustered,b,eee42173-a8dc-4a3f-be3d-79f44dada5b3,94242c27-2ec9-40a9-945b-a64d007f8a6a,51,10,80,583,11ms,112ms,54ms,47ms
2820,q-conv-clustered,b,eee42173-a8dc-4a3f-be3d-79f44dada5b3,167b7f82-2ab7-4508-b21a-7f7a246100f8,63,6,80,583,11ms,72ms,13ms,58ms
2830,q-conv-clustered,b,d0e931bf-8378-4377-b448-32cdcd142fca,24b805bd-5fb2-41b3-9ffe-07ca3b460277,196,9,80,582,9.3ms,623ms,152ms,192ms
2850,q-conv-clustered,b,34d23bae-68b6-4c1a-b15c-043c8f1c52b9,ad975810-f765-4164-876b-e9b0aafcb1a0,38,15,82,584,8.9ms,64ms,17ms,34ms
2840,q-conv-clustered,b,11eaa9c3-4b8f-45e3-b426-78c6d8e7e252,58d98fb5-bb15-404b-91c0-a741c91928f4,198,14,80,583,10ms,425ms,91ms,192ms
2860,q-conv-clustered,b,93d95799-3257-409f-9a1f-c4e6b1acbac7,a6aa38aa-8377-4dfe-bc1c-f0409ab6c8ea,66,17,80,582,9.9ms,120ms,32ms,62ms
2870,q-conv-clustered,b,68b4d330-7ca0-476a-b224-b26bc3176700,79ddcfae-5c69-4f84-b1cf-9cad88125303,45,9,80,583,12ms,70ms,21ms,39ms
2880,q-conv-clustered,b,34d23bae-68b6-4c1a-b15c-043c8f1c52b9,b5bab962-f72d-49f7-8ce9-8eca395337a8,109,9,82,584,11ms,205ms,90ms,105ms
2890,q-conv-clustered,b,93d95799-3257-409f-9a1f-c4e6b1acbac7,ce48f378-970f-4f97-858c-b4a40bc447dc,94,10,80,582,9.7ms,184ms,32ms,89ms
2900,q-conv-clustered,b,d0e931bf-8378-4377-b448-32cdcd142fca,24d77c90-75d0-4380-a908-dc5e4ddfa0ce,65,13,80,582,8.6ms,112ms,58ms,61ms
2910,q-conv-clustered,b,c8b9a016-520f-4f67-a382-3a944aa907fb,756bac12-649a-45e4-a080-824c15eb2e5e,121,5,80,583,31ms,236ms,81ms,115ms
2920,q-conv-clustered,b,c44dc1fc-8f74-43dd-9566-d8b2be710def,d625e431-8c65-487f-8e34-c9a998112d98,64,14,80,583,11ms,156ms,39ms,60ms
2930,q-conv-clustered,b,93d95799-3257-409f-9a1f-c4e6b1acbac7,c2d520af-6be3-4811-a29f-e72a604ac785,125,16,80,582,9.0ms,228ms,75ms,120ms
2940,q-conv-clustered,b,eee42173-a8dc-4a3f-be3d-79f44dada5b3,63264cca-531d-4230-a0a5-060503834acf,73,16,80,583,13ms,257ms,44ms,69ms
2950,q-conv-clustered,b,d0e931bf-8378-4377-b448-32cdcd142fca,6d05ddd8-ac97-4bf3-8265-4948af609490,85,9,80,582,9.1ms,218ms,36ms,80ms
2960,q-conv-clustered,b,11eaa9c3-4b8f-45e3-b426-78c6d8e7e252,db3349cf-1148-4202-9154-267f4a676fb0,45,10,80,583,19ms,117ms,31ms,41ms
2980,q-conv-clustered,b,d0e931bf-8378-4377-b448-32cdcd142fca,bcbc6b82-b326-492a-96c5-6400ea790f82,82,9,80,582,8.8ms,158ms,51ms,78ms
2970,q-conv-clustered,b,c44dc1fc-8f74-43dd-9566-d8b2be710def,a2bb338f-ab8d-4aa1-995e-a9a9fbe59a26,179,9,80,583,12ms,390ms,192ms,175ms
2990,q-conv-clustered,b,ab7c56b6-9c1e-4dc5-8f25-0eb5644ae210,4fc2ebfa-d922-4126-9b5f-2799149dcc63,60,6,82,585,11ms,94ms,39ms,54ms
3000,q-conv-clustered,b,68b4d330-7ca0-476a-b224-b26bc3176700,b628a80c-c3cc-42f6-a705-54a9d12dfca5,162,13,80,583,11ms,421ms,96ms,158ms
3010,q-conv-clustered,b,a89d72ec-512f-4655-8c37-b30e5c5e8ec2,052a8ec2-3900-46a2-a68c-417123a6cfb3,107,15,82,585,9.9ms,296ms,108ms,102ms
3020,q-conv-clustered,b,c8b9a016-520f-4f67-a382-3a944aa907fb,05f5ae03-e975-444e-9638-1836d3cdb635,82,8,80,583,12ms,116ms,36ms,77ms
3030,q-conv-clustered,b,34d23bae-68b6-4c1a-b15c-043c8f1c52b9,398d620e-5697-4b3a-9845-3ed561c85cdb,61,14,82,584,11ms,175ms,82ms,58ms
3040,q-conv-clustered,b,d0e931bf-8378-4377-b448-32cdcd142fca,3648fd15-47c8-4e74-b500-0505c348f810,103,10,80,582,8.9ms,198ms,86ms,98ms
3050,q-conv-clustered,b,34d23bae-68b6-4c1a-b15c-043c8f1c52b9,bb215444-47ad-4811-8e5a-f9f6b57badb2,103,9,82,584,10ms,70ms,20ms,98ms
3060,q-conv-clustered,b,eee42173-a8dc-4a3f-be3d-79f44dada5b3,12d49de5-421e-48a1-b2a2-cc39a07651dc,43,14,80,583,9.7ms,97ms,27ms,37ms
3070,q-conv-clustered,b,eee42173-a8dc-4a3f-be3d-79f44dada5b3,81c85e8d-7097-4cd7-af9f-b2dd2e57ec50,52,14,80,583,11ms,91ms,52ms,48ms
3080,q-conv-clustered,b,34d23bae-68b6-4c1a-b15c-043c8f1c52b9,d68d5a02-0eea-4f5c-8a80-df0b5c0d8509,86,10,82,584,12ms,169ms,74ms,82ms
3090,q-conv-clustered,b,eee42173-a8dc-4a3f-be3d-79f44dada5b3,4afd2a2d-cc80-42f6-aeab-49a8e4566385,100,10,80,583,12ms,279ms,57ms,92ms
3110,q-conv-clustered,b,34d23bae-68b6-4c1a-b15c-043c8f1c52b9,09f27bdd-a2ca-4e40-a26f-39dd2b9d4200,61,8,82,584,10ms,137ms,37ms,56ms
3100,q-conv-clustered,b,11eaa9c3-4b8f-45e3-b426-78c6d8e7e252,957e89ca-f452-4da3-981b-e0984d656952,207,16,80,583,19ms,707ms,110ms,204ms
3120,q-conv-clustered,b,68b4d330-7ca0-476a-b224-b26bc3176700,15d45d78-35fd-4a56-9e1a-08fd0bce5585,58,9,80,583,11ms,123ms,22ms,54ms
3130,q-conv-clustered,b,34d23bae-68b6-4c1a-b15c-043c8f1c52b9,7f90d918-b88c-4710-96d8-74a66948adbe,253,12,82,584,12ms,779ms,192ms,249ms
3140,q-conv-clustered,b,11eaa9c3-4b8f-45e3-b426-78c6d8e7e252,b1ca1c17-d075-4d4c-ba8f-8b100b459707,121,17,80,583,8.5ms,211ms,78ms,117ms
3150,q-conv-clustered,b,68b4d330-7ca0-476a-b224-b26bc3176700,1e7c8556-8aad-40c0-9f99-124ac1e5971c,147,12,80,583,8.5ms,371ms,102ms,142ms
3160,q-conv-clustered,b,eee42173-a8dc-4a3f-be3d-79f44dada5b3,5c75205a-1484-4b7e-9323-664ecf564614,36,15,80,583,13ms,71ms,15ms,32ms
3170,q-conv-clustered,b,11eaa9c3-4b8f-45e3-b426-78c6d8e7e252,4fe5e390-ae1d-4089-b178-356f7e9dd6ff,158,9,80,583,9.4ms,438ms,53ms,152ms
3180,q-conv-clustered,b,c8b9a016-520f-4f67-a382-3a944aa907fb,25920927-eb5c-4407-9372-be55b6e0b772,67,15,80,583,9.9ms,228ms,40ms,63ms
3190,q-conv-clustered,b,11eaa9c3-4b8f-45e3-b426-78c6d8e7e252,98d59306-56fd-4c63-a3e6-f7a87b3364ae,65,12,80,583,9.2ms,140ms,32ms,59ms
3200,q-conv-clustered,b,11eaa9c3-4b8f-45e3-b426-78c6d8e7e252,5b3122c4-53ea-4b59-a169-fb013a58d9c5,41,9,80,583,11ms,47ms,19ms,35ms
3210,q-conv-clustered,b,eee42173-a8dc-4a3f-be3d-79f44dada5b3,0640137f-25e0-4ecd-975d-3957d11d2a28,35,13,80,583,9.6ms,66ms,14ms,29ms
3220,q-conv-clustered,b,11eaa9c3-4b8f-45e3-b426-78c6d8e7e252,8a2e4407-a2ed-4a5d-b535-91b0ff1bd5b7,54,15,80,583,8.7ms,116ms,57ms,49ms
3240,q-conv-clustered,b,34d23bae-68b6-4c1a-b15c-043c8f1c52b9,97ac8735-485e-41fd-a226-6048f58ae77d,81,16,82,584,9.8ms,113ms,42ms,75ms
3230,q-conv-clustered,b,68b4d330-7ca0-476a-b224-b26bc3176700,5438a4f5-0299-4a01-b08c-1396a4b4b763,224,8,80,583,23ms,409ms,88ms,220ms
3250,q-conv-clustered,b,68b4d330-7ca0-476a-b224-b26bc3176700,6715763e-a524-4bce-93e1-aae174f4dcdf,83,14,80,583,9.4ms,209ms,80ms,77ms
3260,q-conv-clustered,b,eee42173-a8dc-4a3f-be3d-79f44dada5b3,2b479f5b-2407-41f5-8fa3-7a4ee4e4e515,71,15,80,583,9.8ms,89ms,43ms,66ms
3270,q-conv-clustered,b,c8b9a016-520f-4f67-a382-3a944aa907fb,407de5b7-0fe8-4de7-a94f-29f6e932cc41,159,14,80,583,9.0ms,392ms,101ms,154ms
3280,q-conv-clustered,b,68b4d330-7ca0-476a-b224-b26bc3176700,234f6f42-f928-43e7-9106-4987324926c5,119,10,80,583,9.1ms,395ms,86ms,112ms
3290,q-conv-clustered,b,c8b9a016-520f-4f67-a382-3a944aa907fb,99ce7a1e-ee93-4eff-8570-01b5dcbe7bab,173,15,80,583,9.4ms,226ms,112ms,168ms
3310,q-conv-clustered,b,11eaa9c3-4b8f-45e3-b426-78c6d8e7e252,11d2f7f3-feb3-44e1-b6d9-76f7a70b8104,53,14,80,583,13ms,68ms,42ms,49ms
3300,q-conv-clustered,b,68b4d330-7ca0-476a-b224-b26bc3176700,a4b15f94-7a5d-449a-a2c7-bdf44676e260,312,16,80,583,11ms,580ms,240ms,308ms
3320,q-conv-clustered,b,34d23bae-68b6-4c1a-b15c-043c8f1c52b9,461b992b-47a7-43eb-be64-ed64f87f744f,141,10,82,584,9.7ms,451ms,119ms,135ms
3330,q-conv-clustered,b,ab7c56b6-9c1e-4dc5-8f25-0eb5644ae210,753ab174-48c8-410c-bcd7-e82689ed5952,52,13,82,585,11ms,112ms,32ms,47ms
3340,q-conv-clustered,b,d0e931bf-8378-4377-b448-32cdcd142fca,ef256244-c0e1-43b2-b409-a09c9b2cc2d8,40,17,80,582,10ms,77ms,29ms,35ms
3350,q-conv-clustered,b,a89d72ec-512f-4655-8c37-b30e5c5e8ec2,c8f223b2-1dd4-4031-9190-3053196213e1,81,13,82,585,11ms,186ms,85ms,77ms
3360,q-conv-clustered,b,93d95799-3257-409f-9a1f-c4e6b1acbac7,b7c4d7dd-e1cd-4166-84a4-23957360f448,68,13,80,582,14ms,147ms,87ms,63ms
3370,q-conv-clustered,b,11eaa9c3-4b8f-45e3-b426-78c6d8e7e252,c80eb50f-6d82-4a3c-a39a-b2b6ab9407b9,167,5,80,583,11ms,423ms,173ms,163ms
3380,q-conv-clustered,b,11eaa9c3-4b8f-45e3-b426-78c6d8e7e252,9dbf4c5c-b36d-4e27-b8f9-11bca5465de0,207,13,80,583,10.0ms,287ms,156ms,202ms
3400,q-conv-clustered,b,d0e931bf-8378-4377-b448-32cdcd142fca,5eb3c857-6efb-4058-8ebf-d8c6d00c1091,42,19,80,582,11ms,80ms,39ms,39ms
3390,q-conv-clustered,b,c8b9a016-520f-4f67-a382-3a944aa907fb,704b909d-89b9-4114-8dab-0a807de09a1d,211,12,80,583,9.5ms,401ms,61ms,206ms
3410,q-conv-clustered,b,11eaa9c3-4b8f-45e3-b426-78c6d8e7e252,75c5fbf3-6c40-41cd-ad1a-b3e698df4815,86,11,80,583,9.1ms,154ms,55ms,82ms
3420,q-conv-clustered,b,c44dc1fc-8f74-43dd-9566-d8b2be710def,ebd293c6-3d76-4559-b755-8caf5c871f69,118,8,80,583,11ms,92ms,25ms,114ms
3430,q-conv-clustered,b,d0e931bf-8378-4377-b448-32cdcd142fca,038b2903-71a4-45aa-9ccb-0cf25f4025f1,100,11,80,582,9.0ms,307ms,15ms,96ms
3440,q-conv-clustered,b,c44dc1fc-8f74-43dd-9566-d8b2be710def,9fa82324-8ff2-42d0-b9bc-1d01e6143e25,66,19,80,583,12ms,140ms,59ms,61ms
3450,q-conv-clustered,b,eee42173-a8dc-4a3f-be3d-79f44dada5b3,a348fc59-5c87-4ab0-b643-19ea150be5b3,45,9,80,583,12ms,136ms,18ms,41ms
3460,q-conv-clustered,b,93d95799-3257-409f-9a1f-c4e6b1acbac7,5fe81974-9f26-4ead-abfa-4dcbb41254bf,60,15,80,582,11ms,200ms,35ms,57ms
3470,q-conv-clustered,b,34d23bae-68b6-4c1a-b15c-043c8f1c52b9,6b9ca9dc-41f9-40aa-aa42-cc2781de65fb,67,11,82,584,12ms,94ms,21ms,63ms
3490,q-conv-clustered,b,eee42173-a8dc-4a3f-be3d-79f44dada5b3,85ce80b5-709e-4689-a168-722b24a6f29e,88,11,80,583,11ms,182ms,44ms,84ms
3480,q-conv-clustered,b,d0e931bf-8378-4377-b448-32cdcd142fca,8a7e2f9a-73f1-401c-9604-cbdd1c7ae447,210,7,80,582,9.6ms,406ms,62ms,206ms
3500,q-conv-clustered,b,68b4d330-7ca0-476a-b224-b26bc3176700,0e57fb6b-94a5-4ed1-8aea-f56884bd0e03,75,10,80,583,11ms,165ms,30ms,71ms
3510,q-conv-clustered,b,93d95799-3257-409f-9a1f-c4e6b1acbac7,37f87b0c-6687-42ac-b5ed-68c8c21513c4,69,16,80,582,10ms,124ms,15ms,65ms
3520,q-conv-clustered,b,34d23bae-68b6-4c1a-b15c-043c8f1c52b9,839eeb0c-6c4e-44b4-94e2-ebf5177c00f9,90,6,82,584,10ms,199ms,24ms,86ms
3530,q-conv-clustered,b,d0e931bf-8378-4377-b448-32cdcd142fca,29fe860d-dfb3-4796-bcf2-9903d50c1f0e,133,12,80,582,11ms,264ms,46ms,128ms
3540,q-conv-clustered,b,11eaa9c3-4b8f-45e3-b426-78c6d8e7e252,99e17c23-1add-430c-ba89-3468e368484b,52,12,80,583,8.9ms,117ms,20ms,48ms
3550,q-conv-clustered,b,c44dc1fc-8f74-43dd-9566-d8b2be710def,9cef5bb4-b41d-496a-8c3b-614310d43af7,157,18,80,583,12ms,283ms,72ms,153ms
3560,q-conv-clustered,b,a89d72ec-512f-4655-8c37-b30e5c5e8ec2,6622ba01-973d-444e-9cbb-662d7a99dc2c,63,12,82,585,11ms,176ms,59ms,59ms
3570,q-conv-clustered,b,68b4d330-7ca0-476a-b224-b26bc3176700,f70fce1f-b368-4694-8247-6e54b548a04b,170,13,80,583,23ms,486ms,221ms,165ms
3580,q-conv-clustered,b,a89d72ec-512f-4655-8c37-b30e5c5e8ec2,69ee194f-a8ef-436b-ab32-a507c2dcbc48,156,10,82,585,9.7ms,569ms,217ms,153ms
3590,q-conv-clustered,b,a89d72ec-512f-4655-8c37-b30e5c5e8ec2,b0d48e53-ad3b-456f-9b58-b544ab8c3b17,137,10,82,585,9.4ms,310ms,169ms,132ms
3600,q-conv-clustered,b,ab7c56b6-9c1e-4dc5-8f25-0eb5644ae210,6412821c-0b73-40ed-a67a-97cc826815d0,96,13,82,585,12ms,182ms,47ms,92ms
3610,q-conv-clustered,b,68b4d330-7ca0-476a-b224-b26bc3176700,f5a20deb-a303-45a6-a7f8-5e78525a5393,128,12,80,583,10ms,229ms,67ms,124ms
3620,q-conv-clustered,b,34d23bae-68b6-4c1a-b15c-043c8f1c52b9,0d6fe8ab-9142-4ee2-ae35-ce4aa35a26e1,184,12,82,584,9.5ms,364ms,16ms,180ms
3630,q-conv-clustered,b,93d95799-3257-409f-9a1f-c4e6b1acbac7,d1401deb-1ed7-4af6-a2c4-24ef33843904,113,14,80,582,10ms,359ms,72ms,109ms
3640,q-conv-clustered,b,c44dc1fc-8f74-43dd-9566-d8b2be710def,4b0ae949-0972-4ec0-8ccb-d7b047c13ef9,176,17,80,583,11ms,588ms,19ms,172ms
3650,q-conv-clustered,b,c8b9a016-520f-4f67-a382-3a944aa907fb,2cd84334-1517-4bcf-a6df-ba670a07f953,119,15,80,583,11ms,268ms,64ms,115ms
3660,q-conv-clustered,b,68b4d330-7ca0-476a-b224-b26bc3176700,78e0ecb2-c4bc-4479-9dd1-22816531ce33,94,8,80,583,9.9ms,306ms,89ms,90ms
3670,q-conv-clustered,b,c44dc1fc-8f74-43dd-9566-d8b2be710def,5ee45098-4875-4c3a-879e-db57197a8bcf,83,7,80,583,12ms,211ms,38ms,79ms
3680,q-conv-clustered,b,34d23bae-68b6-4c1a-b15c-043c8f1c52b9,5cec9fa6-1339-41dd-9291-dfcb0e7d406d,73,11,82,584,11ms,229ms,73ms,70ms
3690,q-conv-clustered,b,a89d72ec-512f-4655-8c37-b30e5c5e8ec2,81a31f5d-a138-49f6-add4-1e91ec7701cc,164,12,82,585,10ms,283ms,59ms,161ms
3700,q-conv-clustered,b,eee42173-a8dc-4a3f-be3d-79f44dada5b3,e3ef1320-598a-493e-9789-37a474662484,61,11,80,583,12ms,96ms,77ms,57ms
3710,q-conv-clustered,b,d0e931bf-8378-4377-b448-32cdcd142fca,19e09922-98f6-46b6-b478-925ced980b7e,92,10,80,582,9.7ms,285ms,55ms,87ms
3720,q-conv-clustered,b,34d23bae-68b6-4c1a-b15c-043c8f1c52b9,aaf7fcf8-0e1a-4574-9b64-54ae7193a856,78,13,82,584,9.7ms,108ms,48ms,74ms
3730,q-conv-clustered,b,c44dc1fc-8f74-43dd-9566-d8b2be710def,c365fef5-ba99-4222-b377-6b1a301295ef,53,20,80,583,11ms,101ms,32ms,48ms
3740,q-conv-clustered,b,c8b9a016-520f-4f67-a382-3a944aa907fb,3e3f344a-6c65-4925-8452-afd93a6d9b93,80,15,80,583,10ms,128ms,40ms,76ms
3750,q-conv-clustered,b,a89d72ec-512f-4655-8c37-b30e5c5e8ec2,818a3bef-66db-4ce3-a307-56bf628d6d50,137,15,82,585,9.6ms,316ms,97ms,133ms
3760,q-conv-clustered,b,ab7c56b6-9c1e-4dc5-8f25-0eb5644ae210,d6a50490-4dea-410d-b7aa-4e6c610f4afc,66,10,82,585,21ms,112ms,27ms,61ms
3770,q-conv-clustered,b,c44dc1fc-8f74-43dd-9566-d8b2be710def,bab30b39-bce0-466e-b27c-afeec8cfa4d7,78,15,80,583,11ms,154ms,67ms,74ms
3780,q-conv-clustered,b,ab7c56b6-9c1e-4dc5-8f25-0eb5644ae210,13f0b890-903e-43c0-97c7-0a368437b2a6,66,12,82,585,10ms,201ms,8.3ms,62ms
3790,q-conv-clustered,b,93d95799-3257-409f-9a1f-c4e6b1acbac7,17e97fdf-283f-4e90-a316-b52fb4ffcaf0,34,14,80,582,11ms,70ms,23ms,30ms
3800,q-conv-clustered,b,c8b9a016-520f-4f67-a382-3a944aa907fb,e03a2a56-9449-4710-abfe-911f4bc4bb49,82,7,80,583,11ms,200ms,14ms,77ms
3810,q-conv-clustered,b,d0e931bf-8378-4377-b448-32cdcd142fca,fe49465d-9e6b-49ae-a08a-7d8adec33bd7,88,10,80,582,10ms,195ms,71ms,83ms
3830,q-conv-clustered,b,ab7c56b6-9c1e-4dc5-8f25-0eb5644ae210,63caa18b-6afb-4b21-91bf-755fb275d4d4,59,16,82,585,12ms,134ms,44ms,56ms
3820,q-conv-clustered,b,93d95799-3257-409f-9a1f-c4e6b1acbac7,c3cf290e-ae6c-47f7-9dcd-0cd49e0225da,276,10,80,582,8.5ms,749ms,123ms,271ms
3840,q-conv-clustered,b,93d95799-3257-409f-9a1f-c4e6b1acbac7,b51fbc69-167d-4f08-a270-5c36576fe05f,194,12,80,582,9.6ms,637ms,330ms,190ms
3850,q-conv-clustered,b,68b4d330-7ca0-476a-b224-b26bc3176700,1ca10e3c-3eac-4811-85dd-c595597ccba9,143,12,80,583,12ms,322ms,89ms,138ms
3860,q-conv-clustered,b,c8b9a016-520f-4f67-a382-3a944aa907fb,f14a8d53-e487-4f6b-9f51-0728ae1b8a7b,179,10,80,583,9.3ms,127ms,34ms,174ms
3870,q-conv-clustered,b,eee42173-a8dc-4a3f-be3d-79f44dada5b3,e2962160-bb42-4641-9135-32dd33a313bd,49,3,80,583,10ms,99ms,26ms,44ms
3880,q-conv-clustered,b,a89d72ec-512f-4655-8c37-b30e5c5e8ec2,f006b497-243e-411b-aafb-b09ddafd040a,32,13,82,585,10ms,57ms,41ms,28ms
3890,q-conv-clustered,b,c8b9a016-520f-4f67-a382-3a944aa907fb,e2f17ce2-5561-464e-900b-475872fa3bba,97,15,80,583,9.6ms,167ms,67ms,93ms
3900,q-conv-clustered,b,eee42173-a8dc-4a3f-be3d-79f44dada5b3,b52ac765-1512-4856-9f26-63766a0ca413,40,10,80,583,10ms,68ms,43ms,35ms
3910,q-conv-clustered,b,c44dc1fc-8f74-43dd-9566-d8b2be710def,662065a2-b79f-4cc6-92f6-ee0d34d68baf,136,9,80,583,12ms,309ms,58ms,132ms
3920,q-conv-clustered,b,d0e931bf-8378-4377-b448-32cdcd142fca,c90f2772-e7c1-4a10-9455-3c8ddd5a1bff,85,7,80,582,9.8ms,249ms,89ms,80ms
3930,q-conv-clustered,b,ab7c56b6-9c1e-4dc5-8f25-0eb5644ae210,0e896a41-3b6b-483b-8539-be43cbb0d402,31,13,82,585,9.6ms,43ms,7.1ms,26ms
3940,q-conv-clustered,b,ab7c56b6-9c1e-4dc5-8f25-0eb5644ae210,4af25453-e7b7-4d71-bc42-77bcb6b023ef,82,12,82,585,11ms,203ms,77ms,78ms
3950,q-conv-clustered,b,68b4d330-7ca0-476a-b224-b26bc3176700,dbdf54c4-426c-4a84-9dc3-50e4061c0420,76,12,80,583,8.5ms,165ms,70ms,72ms
3960,q-conv-clustered,b,ab7c56b6-9c1e-4dc5-8f25-0eb5644ae210,ae06250c-052e-4f97-810d-2634af0b0338,33,15,82,585,10.0ms,60ms,39ms,29ms
3970,q-conv-clustered,b,68b4d330-7ca0-476a-b224-b26bc3176700,4d76810d-7d7e-4e70-876f-6a6f4a19eb62,95,9,80,583,9.8ms,193ms,32ms,90ms
3980,q-conv-clustered,b,a89d72ec-512f-4655-8c37-b30e5c5e8ec2,7b3c77fa-0e09-42fc-ab84-769610b8016c,146,8,82,585,26ms,477ms,109ms,141ms
3990,q-conv-clustered,b,a89d72ec-512f-4655-8c37-b30e5c5e8ec2,168971a6-83ca-4913-9cdd-4a208a543b86,98,10,82,585,11ms,175ms,53ms,93ms
4000,q-conv-clustered,b,a89d72ec-512f-4655-8c37-b30e5c5e8ec2,3f650dca-4b5f-4e70-aa4e-11dd552b1c17,127,11,82,585,20ms,306ms,44ms,123ms
4010,q-conv-clustered,b,34d23bae-68b6-4c1a-b15c-043c8f1c52b9,284ba99f-fa2b-47b8-aa17-e2e6425c4b79,77,11,82,584,10ms,186ms,104ms,71ms
4030,q-conv-clustered,b,eee42173-a8dc-4a3f-be3d-79f44dada5b3,fb9aa015-9803-4278-b5a8-1de48e32bdf1,88,11,80,583,11ms,136ms,67ms,84ms
4020,q-conv-clustered,b,34d23bae-68b6-4c1a-b15c-043c8f1c52b9,50e40ca9-ad5c-465a-84ee-94a9d40a9800,243,9,82,584,11ms,481ms,184ms,238ms
4040,q-conv-clustered,b,a89d72ec-512f-4655-8c37-b30e5c5e8ec2,760f0b47-543a-40b1-a913-844ddf1c8f0a,68,16,82,585,12ms,55ms,21ms,64ms
4050,q-conv-clustered,b,93d95799-3257-409f-9a1f-c4e6b1acbac7,2f04857f-16da-4f1e-9ce9-b25733ed3728,162,8,80,582,11ms,299ms,51ms,153ms
4060,q-conv-clustered,b,eee42173-a8dc-4a3f-be3d-79f44dada5b3,768bfa46-d5c6-458d-9eb2-c32fe8393969,52,14,80,583,12ms,100ms,46ms,49ms
4070,q-conv-clustered,b,a89d72ec-512f-4655-8c37-b30e5c5e8ec2,ad91be82-57d3-416a-9a07-e8b87796563a,40,14,82,585,9.6ms,77ms,51ms,36ms
4080,q-conv-clustered,b,a89d72ec-512f-4655-8c37-b30e5c5e8ec2,5e61750c-5187-49e3-8e22-5bd150432edd,118,8,82,585,11ms,143ms,33ms,113ms
4090,q-conv-clustered,b,93d95799-3257-409f-9a1f-c4e6b1acbac7,80f885ba-a480-4844-8f6f-f5cb0f977071,77,5,80,582,12ms,192ms,84ms,72ms
4100,q-conv-clustered,b,c8b9a016-520f-4f67-a382-3a944aa907fb,50cd06fb-97e9-4e36-bd1b-6e79add66882,154,9,80,583,11ms,348ms,142ms,150ms
4110,q-conv-clustered,b,11eaa9c3-4b8f-45e3-b426-78c6d8e7e252,3f9b7ebf-16e8-48c9-9a99-4954250237eb,91,4,80,583,10ms,304ms,26ms,88ms
4120,q-conv-clustered,b,93d95799-3257-409f-9a1f-c4e6b1acbac7,ff36bf11-b160-4a63-8138-acea7e0e13fb,184,12,80,582,12ms,526ms,237ms,180ms
4140,q-conv-clustered,b,ab7c56b6-9c1e-4dc5-8f25-0eb5644ae210,95fe0729-9a28-4841-b396-37fb666830d2,70,12,82,585,10ms,80ms,23ms,63ms
4130,q-conv-clustered,b,c44dc1fc-8f74-43dd-9566-d8b2be710def,56bc89b6-ba8c-4dc2-adee-d8233b525195,202,13,80,583,24ms,745ms,243ms,196ms
4150,q-conv-clustered,b,11eaa9c3-4b8f-45e3-b426-78c6d8e7e252,154470f3-57e2-4423-9a1c-3ba98f584b5a,28,16,80,583,9.8ms,67ms,25ms,24ms
4170,q-conv-clustered,b,eee42173-a8dc-4a3f-be3d-79f44dada5b3,21c929ad-dd41-4f51-bd5d-77cf1c945e62,47,16,80,583,12ms,78ms,26ms,44ms
4160,q-conv-clustered,b,c8b9a016-520f-4f67-a382-3a944aa907fb,9cb6262b-57ee-4998-84a7-0d5298112b79,354,14,80,583,11ms,874ms,221ms,350ms
4190,q-conv-clustered,b,d0e931bf-8378-4377-b448-32cdcd142fca,0e8940d5-e7ee-45b1-9838-974d16b1d798,72,16,80,582,13ms,232ms,27ms,68ms
4180,q-conv-clustered,b,c8b9a016-520f-4f67-a382-3a944aa907fb,30e72d07-97fe-4076-9288-4c13e26f6114,259,10,80,583,10ms,370ms,181ms,255ms
4200,q-conv-clustered,b,ab7c56b6-9c1e-4dc5-8f25-0eb5644ae210,5f1fee06-af75-48dc-b8cd-fbfa27d215fc,74,15,82,585,9.5ms,215ms,40ms,70ms
4210,q-conv-clustered,b,d0e931bf-8378-4377-b448-32cdcd142fca,b3119bf8-17a2-4fa2-ac41-58a9df50c351,35,2,80,582,8.6ms,46ms,22ms,32ms
4220,q-conv-clustered,b,ab7c56b6-9c1e-4dc5-8f25-0eb5644ae210,593f0e49-05c0-41a6-8a8c-ec7913b3e230,147,16,82,585,11ms,433ms,69ms,144ms
4230,q-conv-clustered,b,a89d72ec-512f-4655-8c37-b30e5c5e8ec2,fab05310-6ae6-49c2-b68f-30900c3f6380,197,12,82,585,10ms,486ms,168ms,193ms
4240,q-conv-clustered,b,11eaa9c3-4b8f-45e3-b426-78c6d8e7e252,1329ada0-3c1d-454c-898b-92d31aa23f73,130,13,80,583,10ms,223ms,29ms,127ms
4250,q-conv-clustered,b,d0e931bf-8378-4377-b448-32cdcd142fca,7cb747fa-ab74-4397-ab27-32e65790751c,165,9,80,582,8.9ms,56ms,32ms,160ms
4260,q-conv-clustered,b,c8b9a016-520f-4f67-a382-3a944aa907fb,9ce1b285-b1a0-4243-8a29-33c3d6c88146,44,11,80,583,9.5ms,112ms,31ms,40ms
4270,q-conv-clustered,b,68b4d330-7ca0-476a-b224-b26bc3176700,b6398515-2954-43fd-8c6d-23c97a54a6dc,110,8,80,583,10ms,209ms,21ms,106ms
4280,q-conv-clustered,b,68b4d330-7ca0-476a-b224-b26bc3176700,4b03022d-2eec-42fe-b03a-f30e7b39f123,70,12,80,583,16ms,190ms,39ms,67ms
4290,q-conv-clustered,b,ab7c56b6-9c1e-4dc5-8f25-0eb5644ae210,6e654a98-01a7-46a1-b837-c103d6528b9b,298,13,82,585,43ms,813ms,161ms,294ms
4300,q-conv-clustered,b,11eaa9c3-4b8f-45e3-b426-78c6d8e7e252,cac4beec-946c-4c94-988d-6db69249d35a,146,8,80,583,9.7ms,534ms,83ms,141ms
4310,q-conv-clustered,b,d0e931bf-8378-4377-b448-32cdcd142fca,3270858c-c7ae-4793-90a2-429e22d2c712,131,11,80,582,11ms,200ms,133ms,127ms
4320,q-conv-clustered,b,a89d72ec-512f-4655-8c37-b30e5c5e8ec2,3575314a-9ace-40ac-af50-c9e9da25f8a3,72,12,82,585,31ms,98ms,41ms,68ms
4330,q-conv-clustered,b,c8b9a016-520f-4f67-a382-3a944aa907fb,3e42273a-b5f5-4fb8-b852-06e8c61021d2,69,7,80,583,11ms,233ms,104ms,64ms
4340,q-conv-clustered,b,c8b9a016-520f-4f67-a382-3a944aa907fb,4da5e0f0-7477-407d-891e-cb4244bb2bb2,108,18,80,583,11ms,192ms,60ms,104ms
4350,q-conv-clustered,b,93d95799-3257-409f-9a1f-c4e6b1acbac7,a2aa36e6-8377-46bb-8112-0974e3b83f92,85,15,80,582,9.7ms,143ms,21ms,81ms
4360,q-conv-clustered,b,34d23bae-68b6-4c1a-b15c-043c8f1c52b9,c5149acb-652b-4192-a183-ba0d649720c6,138,9,82,584,9.8ms,326ms,121ms,133ms
4370,q-conv-clustered,b,68b4d330-7ca0-476a-b224-b26bc3176700,ca0d8858-63d3-458e-92a7-6fd0d8aae788,83,8,80,583,9.9ms,71ms,47ms,80ms
4390,q-conv-clustered,b,eee42173-a8dc-4a3f-be3d-79f44dada5b3,14d46787-8896-46c6-97aa-9803837eff84,73,9,80,583,12ms,111ms,18ms,69ms
4380,q-conv-clustered,b,93d95799-3257-409f-9a1f-c4e6b1acbac7,2d7e3280-c7df-4b12-8756-17402a2825c0,238,22,80,582,11ms,503ms,140ms,233ms
4400,q-conv-clustered,b,d0e931bf-8378-4377-b448-32cdcd142fca,4ac48373-b451-49f1-a012-457a2ad6c609,65,9,80,582,12ms,210ms,71ms,62ms
4410,q-conv-clustered,b,eee42173-a8dc-4a3f-be3d-79f44dada5b3,c521d101-0202-4e14-83f4-ccde86d51ddf,47,16,80,583,9.4ms,119ms,64ms,42ms
4430,q-conv-clustered,b,11eaa9c3-4b8f-45e3-b426-78c6d8e7e252,bb81a332-f76d-41b6-ac5e-aac657df09f4,56,9,80,583,13ms,158ms,67ms,52ms
4420,q-conv-clustered,b,68b4d330-7ca0-476a-b224-b26bc3176700,69e8b2f8-4276-4384-bb67-bfe9528f0d11,329,15,80,583,11ms,732ms,300ms,326ms
4440,q-conv-clustered,b,eee42173-a8dc-4a3f-be3d-79f44dada5b3,45c6a5a5-8227-416f-b8d8-4ca6fd1ee903,66,16,80,583,12ms,176ms,87ms,62ms
4450,q-conv-clustered,b,68b4d330-7ca0-476a-b224-b26bc3176700,fbf329b4-334f-4d98-a800-0e3693f32782,140,7,80,583,11ms,394ms,114ms,135ms
4460,q-conv-clustered,b,11eaa9c3-4b8f-45e3-b426-78c6d8e7e252,fa5cb848-eee2-4a61-9429-bc01ee750449,66,9,80,583,12ms,105ms,53ms,61ms
4470,q-conv-clustered,b,eee42173-a8dc-4a3f-be3d-79f44dada5b3,cbe53ad4-81cb-41c8-97cb-ab51dc2e9185,77,19,80,583,12ms,151ms,63ms,74ms
4480,q-conv-clustered,b,68b4d330-7ca0-476a-b224-b26bc3176700,d57e6050-1a04-4b3c-84e0-2bfb119e4bab,90,12,80,583,11ms,157ms,75ms,86ms
4490,q-conv-clustered,b,d0e931bf-8378-4377-b448-32cdcd142fca,6701525d-9a89-4e4f-a17c-9cdbc67dce86,91,9,80,582,9.5ms,190ms,35ms,87ms
4500,q-conv-clustered,b,ab7c56b6-9c1e-4dc5-8f25-0eb5644ae210,7e563fde-2c61-40c7-89f6-11a7b7a02e79,167,17,82,585,10ms,366ms,90ms,163ms
4510,q-conv-clustered,b,c44dc1fc-8f74-43dd-9566-d8b2be710def,9c9db8f4-36cb-43cf-91fd-f6038d604ef7,50,12,80,583,10ms,107ms,24ms,46ms
4520,q-conv-clustered,b,93d95799-3257-409f-9a1f-c4e6b1acbac7,5aafdbc1-1a63-4b26-9302-84be89ad5f7f,65,12,80,582,10ms,185ms,64ms,62ms
4530,q-conv-clustered,b,eee42173-a8dc-4a3f-be3d-79f44dada5b3,06fc60be-2415-4286-812d-4dc547d12d7b,54,5,80,583,12ms,89ms,36ms,48ms
4540,q-conv-clustered,b,eee42173-a8dc-4a3f-be3d-79f44dada5b3,0101a905-918f-40a0-b5da-dc8174db7584,40,12,80,583,12ms,121ms,21ms,36ms
4550,q-conv-clustered,b,11eaa9c3-4b8f-45e3-b426-78c6d8e7e252,f2833072-2ec1-4684-ba4f-57fec8cc678c,181,13,80,583,11ms,349ms,116ms,176ms
4560,q-conv-clustered,b,a89d72ec-512f-4655-8c37-b30e5c5e8ec2,78f02ba6-24a3-4478-a3c2-7cb75b325711,228,14,82,585,40ms,560ms,200ms,225ms
4570,q-conv-clustered,b,11eaa9c3-4b8f-45e3-b426-78c6d8e7e252,d88bcccc-f6a4-469b-b969-8f3ba1e243f7,150,11,80,583,12ms,510ms,79ms,146ms
4580,q-conv-clustered,b,93d95799-3257-409f-9a1f-c4e6b1acbac7,56066d7a-83d1-45b1-a5ce-341b33c85961,85,7,80,582,8.8ms,192ms,57ms,81ms
4590,q-conv-clustered,b,ab7c56b6-9c1e-4dc5-8f25-0eb5644ae210,a984a5f7-3373-4fc1-a4a7-5a32cd23ffc5,46,6,82,585,10ms,91ms,22ms,42ms
4600,q-conv-clustered,b,ab7c56b6-9c1e-4dc5-8f25-0eb5644ae210,f3ec7542-0363-4c5d-a1cf-c0b79223b5f5,105,11,82,585,12ms,277ms,80ms,101ms
4610,q-conv-clustered,b,c44dc1fc-8f74-43dd-9566-d8b2be710def,f78944a7-c1e5-4d17-97ac-3806a0257ca1,222,8,80,583,33ms,530ms,116ms,218ms
4620,q-conv-clustered,b,34d23bae-68b6-4c1a-b15c-043c8f1c52b9,dc8531df-7043-48be-afb0-3f9e33350e41,178,14,82,584,34ms,426ms,131ms,173ms
4630,q-conv-clustered,b,34d23bae-68b6-4c1a-b15c-043c8f1c52b9,cf156082-2385-41c1-ba63-370c3576578e,141,10,82,584,10ms,444ms,225ms,137ms
4640,q-conv-clustered,b,34d23bae-68b6-4c1a-b15c-043c8f1c52b9,5a93e2ca-180e-4a34-9b15-6321818681eb,167,16,82,584,35ms,465ms,114ms,162ms
4650,q-conv-clustered,b,c8b9a016-520f-4f67-a382-3a944aa907fb,dc12a0fb-60fa-41b0-8e54-e688d2464673,66,20,80,583,8.9ms,145ms,21ms,62ms
4660,q-conv-clustered,b,11eaa9c3-4b8f-45e3-b426-78c6d8e7e252,64fa40bb-e1e8-40ec-8e61-c35f2a9b83e4,66,10,80,583,9.3ms,114ms,41ms,63ms
4670,q-conv-clustered,b,68b4d330-7ca0-476a-b224-b26bc3176700,a54f1dfd-2021-4ff9-abd0-9e6a0e9f8397,73,16,80,583,10ms,197ms,82ms,69ms
4680,q-conv-clustered,b,ab7c56b6-9c1e-4dc5-8f25-0eb5644ae210,16a18e13-326b-472b-85b8-3d8d9319b39e,138,14,82,585,11ms,391ms,90ms,133ms
4690,q-conv-clustered,b,34d23bae-68b6-4c1a-b15c-043c8f1c52b9,f2232559-3024-4730-9e29-2262ac0a073b,42,10,82,584,9.8ms,124ms,27ms,38ms
4700,q-conv-clustered,b,c8b9a016-520f-4f67-a382-3a944aa907fb,69423407-e3f0-424a-91a1-6bf578e35ff2,57,12,80,583,10ms,125ms,32ms,53ms
4710,q-conv-clustered,b,11eaa9c3-4b8f-45e3-b426-78c6d8e7e252,20df1653-ed1d-4859-bae1-a16f1a3eb73c,145,13,80,583,33ms,540ms,100ms,141ms
4720,q-conv-clustered,b,68b4d330-7ca0-476a-b224-b26bc3176700,1b92c010-d654-4bbf-b1cb-63826a59a392,62,9,80,583,9.1ms,153ms,38ms,58ms
4730,q-conv-clustered,b,d0e931bf-8378-4377-b448-32cdcd142fca,58a9f039-9030-4533-af72-23dbf7dbd3e2,92,20,80,582,11ms,253ms,124ms,87ms
4740,q-conv-clustered,b,ab7c56b6-9c1e-4dc5-8f25-0eb5644ae210,b5313a79-8189-4c7d-bcd0-11e389e12b9a,124,11,82,585,12ms,323ms,81ms,119ms
4750,q-conv-clustered,b,d0e931bf-8378-4377-b448-32cdcd142fca,70920e22-5a18-4e5d-a11f-eaaf118de48d,46,20,80,582,11ms,73ms,23ms,42ms
4760,q-conv-clustered,b,68b4d330-7ca0-476a-b224-b26bc3176700,75f4b4f0-5bfa-45bf-901c-116ae5e8a59a,63,9,80,583,34ms,166ms,37ms,60ms
4770,q-conv-clustered,b,a89d72ec-512f-4655-8c37-b30e5c5e8ec2,114f32e5-7ee7-49d1-aaf7-0ea87bb83c4d,40,16,82,585,12ms,121ms,17ms,36ms
4780,q-conv-clustered,b,c44dc1fc-8f74-43dd-9566-d8b2be710def,e6988c02-b0a5-4f4d-b0e7-4609567fca0b,106,11,80,583,11ms,279ms,155ms,101ms
4790,q-conv-clustered,b,d0e931bf-8378-4377-b448-32cdcd142fca,97177918-1f77-4c3b-a704-4ee0701337f8,63,7,80,582,9.2ms,116ms,28ms,59ms
4800,q-conv-clustered,b,ab7c56b6-9c1e-4dc5-8f25-0eb5644ae210,f47bcee8-93c4-4bcc-b8cd-352d8cb6fbc5,87,10,82,585,10ms,200ms,60ms,83ms
4810,q-conv-clustered,b,d0e931bf-8378-4377-b448-32cdcd142fca,4841dd89-5fe0-42e5-a8d8-8a3a609957b3,133,10,80,582,9.6ms,329ms,59ms,129ms
4820,q-conv-clustered,b,c44dc1fc-8f74-43dd-9566-d8b2be710def,d4f000e3-1c84-4e74-b3c9-9fc067399f23,71,12,80,583,27ms,148ms,48ms,65ms
4830,q-conv-clustered,b,a89d72ec-512f-4655-8c37-b30e5c5e8ec2,a0839aea-d5d7-4c71-b824-371918a7adf3,68,7,82,585,10ms,208ms,29ms,64ms
4840,q-conv-clustered,b,eee42173-a8dc-4a3f-be3d-79f44dada5b3,a8558840-788f-451a-9b6e-7815333bf055,77,10,80,583,13ms,204ms,62ms,73ms
4850,q-conv-clustered,b,c44dc1fc-8f74-43dd-9566-d8b2be710def,a341f7d8-c05e-4c2d-ab84-f96408c50ebc,60,14,80,583,11ms,118ms,37ms,55ms
4860,q-conv-clustered,b,eee42173-a8dc-4a3f-be3d-79f44dada5b3,85544bdb-d9f2-481c-9027-a4e5d573ef3e,36,11,80,583,12ms,49ms,16ms,32ms
4870,q-conv-clustered,b,93d95799-3257-409f-9a1f-c4e6b1acbac7,bd46e1e5-28ed-49b4-ac84-925851c273bd,112,8,80,582,10ms,162ms,101ms,108ms
4880,q-conv-clustered,b,a89d72ec-512f-4655-8c37-b30e5c5e8ec2,d349c6c8-9dd5-4946-891e-18769a57debe,119,23,82,585,10ms,242ms,30ms,113ms
4890,q-conv-clustered,b,d0e931bf-8378-4377-b448-32cdcd142fca,e9de1dcc-5499-46e1-a049-6f1c499772d0,161,8,80,582,9.2ms,411ms,168ms,157ms
4900,q-conv-clustered,b,ab7c56b6-9c1e-4dc5-8f25-0eb5644ae210,af1a3b88-9c68-4565-ac45-1676435f2dfe,51,17,82,585,10ms,150ms,62ms,45ms
4910,q-conv-clustered,b,11eaa9c3-4b8f-45e3-b426-78c6d8e7e252,520a19ae-4112-439c-9824-0bb8ca2e1216,124,11,80,583,9.4ms,177ms,43ms,120ms
4920,q-conv-clustered,b,c8b9a016-520f-4f67-a382-3a944aa907fb,bf9ccb9e-d4aa-417b-baf3-61f4456faa6a,232,8,80,583,9.9ms,222ms,162ms,229ms
4930,q-conv-clustered,b,68b4d330-7ca0-476a-b224-b26bc3176700,c9db7edd-8500-47a8-8c54-6e4c858f1091,164,9,80,583,8.4ms,372ms,50ms,159ms
4940,q-conv-clustered,b,34d23bae-68b6-4c1a-b15c-043c8f1c52b9,bd7b5ac9-b103-44cf-8d2e-724b30552882,75,17,82,584,9.6ms,226ms,48ms,71ms
4950,q-conv-clustered,b,c44dc1fc-8f74-43dd-9566-d8b2be710def,7ad8318a-3d71-4062-93ad-ed0a6975dc80,179,14,80,583,11ms,377ms,186ms,173ms
4970,q-conv-clustered,b,a89d72ec-512f-4655-8c37-b30e5c5e8ec2,122b9fba-8800-49c4-8573-ceb997585103,89,16,82,585,12ms,263ms,36ms,85ms
4960,q-conv-clustered,b,34d23bae-68b6-4c1a-b15c-043c8f1c52b9,44070940-a7db-43ac-8e82-5a0c8a85534c,173,16,82,584,9.8ms,380ms,171ms,169ms
4980,q-conv-clustered,b,68b4d330-7ca0-476a-b224-b26bc3176700,7e27d671-887c-410c-8d11-93ad733645dc,65,6,80,583,12ms,151ms,51ms,61ms
4990,q-conv-clustered,b,eee42173-a8dc-4a3f-be3d-79f44dada5b3,5809388d-76f6-41b3-84e5-191a1cec2197,88,5,80,583,9.6ms,128ms,65ms,82ms
5000,q-conv-clustered,b,d0e931bf-8378-4377-b448-32cdcd142fca,dc1a03a8-1865-481d-8817-544c140d57e4,116,16,80,582,10ms,276ms,129ms,112ms
5010,q-conv-clustered,b,11eaa9c3-4b8f-45e3-b426-78c6d8e7e252,040ff6a6-f868-47d3-848a-36930085c035,116,13,80,583,9.7ms,399ms,114ms,112ms
5020,q-conv-clustered,b,11eaa9c3-4b8f-45e3-b426-78c6d8e7e252,ed473258-dd95-423e-8dfb-646a20bc5632,128,8,80,583,9.1ms,205ms,64ms,124ms
5030,q-conv-clustered,b,11eaa9c3-4b8f-45e3-b426-78c6d8e7e252,8d63b618-d8a2-4c3f-af97-8c74e2f43a6c,87,17,80,583,9.5ms,264ms,38ms,81ms
5040,q-conv-clustered,b,34d23bae-68b6-4c1a-b15c-043c8f1c52b9,bf81f344-48ba-47ea-8476-135a7bf7e01e,48,9,82,584,11ms,85ms,22ms,42ms
5050,q-conv-clustered,b,eee42173-a8dc-4a3f-be3d-79f44dada5b3,e9b57d2a-d998-4d2c-a186-fe46c833836c,73,15,80,583,12ms,113ms,60ms,68ms
5060,q-conv-clustered,b,a89d72ec-512f-4655-8c37-b30e5c5e8ec2,d76c8f96-66d3-4839-ae58-11e1b9349e77,65,9,82,585,10ms,211ms,63ms,61ms
5070,q-conv-clustered,b,11eaa9c3-4b8f-45e3-b426-78c6d8e7e252,aa57d66b-55d4-4d05-9c9e-a0deb6c976b5,122,13,80,583,10ms,148ms,90ms,118ms
5080,q-conv-clustered,b,c8b9a016-520f-4f67-a382-3a944aa907fb,b975ca16-a009-41f5-8402-6a82bd77a094,191,14,80,583,9.5ms,389ms,77ms,186ms
5090,q-conv-clustered,b,c44dc1fc-8f74-43dd-9566-d8b2be710def,3352e5ec-51fc-4ce4-b08f-974d43dd72a1,186,13,80,583,46ms,510ms,236ms,181ms
5110,q-conv-clustered,b,a89d72ec-512f-4655-8c37-b30e5c5e8ec2,89966bb6-d05c-4016-934a-48629adc23d4,63,11,82,585,9.2ms,130ms,21ms,59ms
5100,q-conv-clustered,b,c8b9a016-520f-4f67-a382-3a944aa907fb,9f1c1c0e-d8cd-4dda-b5a4-7436aab86838,203,17,80,583,9.7ms,426ms,166ms,200ms
5120,q-conv-clustered,b,11eaa9c3-4b8f-45e3-b426-78c6d8e7e252,a3b83206-53d0-401c-859a-96f4e622a4f2,140,12,80,583,11ms,331ms,124ms,137ms
5130,q-conv-clustered,b,ab7c56b6-9c1e-4dc5-8f25-0eb5644ae210,5e82304a-8c0d-48d0-a8fd-3df7f67f0dbd,114,14,82,585,9.8ms,283ms,57ms,109ms
5140,q-conv-clustered,b,ab7c56b6-9c1e-4dc5-8f25-0eb5644ae210,5195eb9f-6e76-4864-83af-4681123aad1e,187,11,82,585,11ms,588ms,93ms,183ms
5150,q-conv-clustered,b,93d95799-3257-409f-9a1f-c4e6b1acbac7,76068c38-7659-4f06-a9f8-80865ffe0cbe,82,10,80,582,10ms,200ms,48ms,77ms
5160,q-conv-clustered,b,d0e931bf-8378-4377-b448-32cdcd142fca,c3de17aa-f61b-4461-a716-227f24c835d5,97,8,80,582,9.0ms,197ms,23ms,93ms
5170,q-conv-clustered,b,c8b9a016-520f-4f67-a382-3a944aa907fb,d0c5cbe8-2cf0-499d-ae7e-e166febb2a8e,109,12,80,583,9.0ms,237ms,109ms,105ms
5180,q-conv-clustered,b,c8b9a016-520f-4f67-a382-3a944aa907fb,97486001-dcfc-4f71-a76f-455630272557,155,8,80,583,16ms,310ms,49ms,150ms
5190,q-conv-clustered,b,11eaa9c3-4b8f-45e3-b426-78c6d8e7e252,d7764a92-5959-4ca1-aeb2-3edbb9c47449,156,18,80,583,44ms,396ms,236ms,151ms
5200,q-conv-clustered,b,11eaa9c3-4b8f-45e3-b426-78c6d8e7e252,ef63409f-535e-4002-94fd-dfd0bb9e9f4f,97,25,80,583,10ms,292ms,53ms,93ms
5210,q-conv-clustered,b,c44dc1fc-8f74-43dd-9566-d8b2be710def,f0bfc8a9-4a18-4179-987c-1be1e8c3d348,164,8,80,583,11ms,347ms,62ms,160ms
5220,q-conv-clustered,b,68b4d330-7ca0-476a-b224-b26bc3176700,c3c62e98-014a-4e5a-bdae-92657e68bcfd,120,9,80,583,11ms,203ms,62ms,115ms
5230,q-conv-clustered,b,c44dc1fc-8f74-43dd-9566-d8b2be710def,3e0456b0-eaeb-4abc-8df0-7da973f42b19,111,9,80,583,12ms,156ms,61ms,104ms
5240,q-conv-clustered,b,c44dc1fc-8f74-43dd-9566-d8b2be710def,73f1bb93-020e-4bd7-af5b-52301caae9a3,134,10,80,583,11ms,323ms,139ms,129ms
5250,q-conv-clustered,b,a89d72ec-512f-4655-8c37-b30e5c5e8ec2,5c6898d5-233b-4894-b3e2-7b6d2f8ae3b8,133,12,82,585,10ms,241ms,115ms,128ms
5260,q-conv-clustered,b,34d23bae-68b6-4c1a-b15c-043c8f1c52b9,8b59bb01-d228-495f-9a52-69d7110bd2d6,92,14,82,584,33ms,243ms,27ms,86ms
5270,q-conv-clustered,b,68b4d330-7ca0-476a-b224-b26bc3176700,3f3926eb-fcad-4859-9207-7f40ad3e59ab,80,14,80,583,10ms,237ms,38ms,76ms
5280,q-conv-clustered,b,a89d72ec-512f-4655-8c37-b30e5c5e8ec2,b1e694af-0674-460e-8477-23603591b7cf,123,4,82,585,10ms,298ms,107ms,119ms
5290,q-conv-clustered,b,c44dc1fc-8f74-43dd-9566-d8b2be710def,a7c8543f-bc49-4c3f-be8c-3d89d94469b6,32,7,80,583,14ms,48ms,16ms,28ms
5300,q-conv-clustered,b,34d23bae-68b6-4c1a-b15c-043c8f1c52b9,bec9cabb-f722-4a99-8255-ce2c7c9c0497,44,12,82,584,10ms,100ms,23ms,40ms
5310,q-conv-clustered,b,34d23bae-68b6-4c1a-b15c-043c8f1c52b9,5f7369b0-6ef4-4732-9360-9486cc13fd36,111,13,82,584,31ms,275ms,83ms,107ms
5320,q-conv-clustered,b,93d95799-3257-409f-9a1f-c4e6b1acbac7,50272d18-1e5b-46a5-a93e-acca391981d2,37,12,80,582,10ms,100ms,30ms,32ms
5330,q-conv-clustered,b,a89d72ec-512f-4655-8c37-b30e5c5e8ec2,38b6f61b-40c6-4a56-b1b3-0d110905fb0a,140,10,82,585,10ms,254ms,53ms,135ms
5340,q-conv-clustered,b,a89d72ec-512f-4655-8c37-b30e5c5e8ec2,abc763e3-bb52-44c1-b640-e08f5d87836c,53,10,82,585,10ms,136ms,67ms,48ms
5350,q-conv-clustered,b,c44dc1fc-8f74-43dd-9566-d8b2be710def,d10a3cf8-5229-4845-bf33-af1bae3993e3,122,8,80,583,11ms,342ms,39ms,117ms
5360,q-conv-clustered,b,11eaa9c3-4b8f-45e3-b426-78c6d8e7e252,7566b43c-eee0-415e-8aee-4acdbf88fef1,69,17,80,583,8.8ms,214ms,26ms,65ms
5370,q-conv-clustered,b,a89d72ec-512f-4655-8c37-b30e5c5e8ec2,feaaa53a-16dd-49da-a033-8ae55e992fdf,128,9,82,585,23ms,332ms,151ms,124ms
5380,q-conv-clustered,b,d0e931bf-8378-4377-b448-32cdcd142fca,56794cf6-9151-488c-8835-a5c6de4ce930,146,14,80,582,42ms,261ms,81ms,139ms
5390,q-conv-clustered,b,34d23bae-68b6-4c1a-b15c-043c8f1c52b9,0712fa14-0aa2-41ff-a5ee-194862fce35c,79,10,82,584,9.3ms,151ms,81ms,75ms
5400,q-conv-clustered,b,68b4d330-7ca0-476a-b224-b26bc3176700,41022720-1dfe-4b74-9bb7-450c5ab5622c,185,8,80,583,22ms,655ms,100ms,182ms
5410,q-conv-clustered,b,ab7c56b6-9c1e-4dc5-8f25-0eb5644ae210,bf75d6f6-ee19-4b45-ad3d-0c0a9248dafc,47,16,82,585,15ms,110ms,41ms,44ms
5420,q-conv-clustered,b,93d95799-3257-409f-9a1f-c4e6b1acbac7,b273bf34-71fc-42cd-97da-90a525a92f91,208,13,80,582,9.5ms,488ms,168ms,203ms
5430,q-conv-clustered,b,68b4d330-7ca0-476a-b224-b26bc3176700,749400e2-b19e-4bb6-bbaa-c6ff0f3ec61d,125,14,80,583,9.8ms,182ms,89ms,121ms
5440,q-conv-clustered,b,d0e931bf-8378-4377-b448-32cdcd142fca,b8ba20e3-b322-4615-ad2e-b325159493c6,38,14,80,582,11ms,48ms,24ms,34ms
5460,q-conv-clustered,b,ab7c56b6-9c1e-4dc5-8f25-0eb5644ae210,826508c9-2c5c-41e4-b32c-8752f1498f9b,50,11,82,585,10.0ms,81ms,31ms,46ms
5450,q-conv-clustered,b,c8b9a016-520f-4f67-a382-3a944aa907fb,8d9a9347-da23-4b7a-b0f5-1232fd6f8175,213,7,80,583,10ms,564ms,260ms,208ms
5470,q-conv-clustered,b,a89d72ec-512f-4655-8c37-b30e5c5e8ec2,fe9a0801-3cc4-4569-a2f0-2a78dc6a2279,132,13,82,585,13ms,214ms,141ms,128ms
5480,q-conv-clustered,b,a89d72ec-512f-4655-8c37-b30e5c5e8ec2,ff60875f-6e2f-4d10-b472-c8a10b124ffe,55,14,82,585,11ms,160ms,45ms,50ms
5490,q-conv-clustered,b,68b4d330-7ca0-476a-b224-b26bc3176700,838f657d-86fc-49dd-886a-9179cbe5f404,261,11,80,583,10ms,702ms,126ms,257ms
5500,q-conv-clustered,b,34d23bae-68b6-4c1a-b15c-043c8f1c52b9,fbaad87f-2446-4c67-80bc-4cd0fb1694af,209,12,82,584,10ms,655ms,115ms,205ms
5510,q-conv-clustered,b,11eaa9c3-4b8f-45e3-b426-78c6d8e7e252,ce59ff1d-a43b-49a7-9423-315f1a7ace42,95,10,80,583,43ms,212ms,50ms,91ms
5520,q-conv-clustered,b,11eaa9c3-4b8f-45e3-b426-78c6d8e7e252,ce768595-fbf3-4b64-9c2d-c883d25b4d16,223,14,80,583,41ms,333ms,133ms,219ms
5540,q-conv-clustered,b,eee42173-a8dc-4a3f-be3d-79f44dada5b3,31c92be3-63c3-4ae2-b757-0e86c69e2565,66,13,80,583,12ms,78ms,34ms,61ms
5530,q-conv-clustered,b,a89d72ec-512f-4655-8c37-b30e5c5e8ec2,6bb4d669-d636-4435-b0cb-abf2db7f7d9b,260,10,82,585,38ms,695ms,110ms,254ms
5550,q-conv-clustered,b,c44dc1fc-8f74-43dd-9566-d8b2be710def,a497833b-fcab-4c70-a267-c9f606f04acd,99,13,80,583,12ms,232ms,51ms,95ms
5560,q-conv-clustered,b,11eaa9c3-4b8f-45e3-b426-78c6d8e7e252,5c2f67c6-53ec-4ea5-a97b-4b0075542cc6,173,16,80,583,11ms,551ms,111ms,170ms
5570,q-conv-clustered,b,93d95799-3257-409f-9a1f-c4e6b1acbac7,536317d1-179e-437a-b649-8270652a95a1,58,11,80,582,58ms,168ms,38ms,53ms
5580,q-conv-clustered,b,eee42173-a8dc-4a3f-be3d-79f44dada5b3,20d038ab-e40f-4bbb-8b8d-c9946b5df13f,40,17,80,583,9.2ms,64ms,27ms,35ms
5590,q-conv-clustered,b,d0e931bf-8378-4377-b448-32cdcd142fca,b1a7b87a-a7c3-4553-9fb5-47972e12ffed,120,10,80,582,14ms,265ms,77ms,116ms
5600,q-conv-clustered,b,ab7c56b6-9c1e-4dc5-8f25-0eb5644ae210,e658a166-1468-4597-972e-bcd4f1761db2,61,7,82,585,10ms,161ms,30ms,57ms
5610,q-conv-clustered,b,c8b9a016-520f-4f67-a382-3a944aa907fb,77d88e35-e09c-44d2-a5a1-af1012792125,43,11,80,583,9.7ms,60ms,22ms,39ms
5620,q-conv-clustered,b,ab7c56b6-9c1e-4dc5-8f25-0eb5644ae210,3b8deb51-c2e8-40e3-a7b6-289f9c3bc3ce,253,8,82,585,45ms,742ms,129ms,249ms
5630,q-conv-clustered,b,a89d72ec-512f-4655-8c37-b30e5c5e8ec2,e1d68f76-154f-42ea-8103-8ce8a0d5039e,227,12,82,585,10ms,724ms,168ms,223ms
5640,q-conv-clustered,b,a89d72ec-512f-4655-8c37-b30e5c5e8ec2,8917b153-f180-4dba-9cca-cd4d55dd7c1e,102,11,82,585,9.2ms,207ms,54ms,98ms
5660,q-conv-clustered,b,11eaa9c3-4b8f-45e3-b426-78c6d8e7e252,a3792c3f-8a78-43c8-b7e2-156d149b3952,75,16,80,583,9.0ms,84ms,20ms,69ms
5650,q-conv-clustered,b,68b4d330-7ca0-476a-b224-b26bc3176700,a9729ed6-8c15-444e-99c9-2901f0bbb7d7,181,20,80,583,11ms,282ms,50ms,177ms
5670,q-conv-clustered,b,eee42173-a8dc-4a3f-be3d-79f44dada5b3,c915b2c6-bed9-48ef-897b-b6b1006e0477,68,7,80,583,12ms,101ms,52ms,60ms
5680,q-conv-clustered,b,a89d72ec-512f-4655-8c37-b30e5c5e8ec2,6663aa7e-5223-4f67-a80a-94808e693efe,89,15,82,585,10ms,187ms,27ms,84ms
5700,q-conv-clustered,b,c8b9a016-520f-4f67-a382-3a944aa907fb,3bc828ec-06a2-4fb5-8cee-2e1eb72606f2,102,11,80,583,9.5ms,244ms,53ms,97ms
5690,q-conv-clustered,b,68b4d330-7ca0-476a-b224-b26bc3176700,9cc40b26-906e-47ca-b7e9-12626b2d1944,210,23,80,583,9.6ms,644ms,22ms,206ms
5720,q-conv-clustered,b,d0e931bf-8378-4377-b448-32cdcd142fca,0b85f1e9-e348-4590-ae53-73e5e5d6820c,108,12,80,582,45ms,229ms,69ms,104ms
5710,q-conv-clustered,b,c44dc1fc-8f74-43dd-9566-d8b2be710def,b00cddba-c09e-4199-ace6-285cdceaf5e6,247,14,80,583,13ms,566ms,112ms,243ms
5730,q-conv-clustered,b,68b4d330-7ca0-476a-b224-b26bc3176700,613d99ec-babf-483e-83c6-f88862fb6164,160,16,80,583,11ms,403ms,106ms,156ms
5740,q-conv-clustered,b,c8b9a016-520f-4f67-a382-3a944aa907fb,78ca5812-886d-45fa-aaf0-a6ec523afefe,57,7,80,583,8.3ms,82ms,39ms,52ms
5750,q-conv-clustered,b,93d95799-3257-409f-9a1f-c4e6b1acbac7,688ed53c-a5cc-44e0-b478-37339cf6e20f,122,13,80,582,10ms,244ms,112ms,117ms
5770,q-conv-clustered,b,c44dc1fc-8f74-43dd-9566-d8b2be710def,e469179c-05e0-43a9-b0fb-f7125492e08e,143,20,80,583,13ms,467ms,52ms,138ms
5760,q-conv-clustered,b,93d95799-3257-409f-9a1f-c4e6b1acbac7,c5a6e512-cf3b-4dbc-b9a0-c09fbc06258d,279,14,80,582,11ms,617ms,178ms,276ms
5780,q-conv-clustered,b,34d23bae-68b6-4c1a-b15c-043c8f1c52b9,90c73f92-cf9e-4cc7-96f6-9fc3c631a051,92,14,82,584,10ms,182ms,50ms,88ms
5790,q-conv-clustered,b,eee42173-a8dc-4a3f-be3d-79f44dada5b3,8859ffbd-6c62-465b-a882-329d20dbcd20,68,15,80,583,13ms,192ms,19ms,63ms
5800,q-conv-clustered,b,ab7c56b6-9c1e-4dc5-8f25-0eb5644ae210,c2193a76-7424-4d6e-8819-2c9dca0016eb,40,13,82,585,11ms,77ms,51ms,36ms
5810,q-conv-clustered,b,c8b9a016-520f-4f67-a382-3a944aa907fb,10974f26-b716-4198-9ee5-c643ce728965,126,9,80,583,8.8ms,355ms,50ms,121ms
5820,q-conv-clustered,b,d0e931bf-8378-4377-b448-32cdcd142fca,f37ddcc0-37d1-42c4-bb59-a13c08247dfc,118,12,80,582,9.7ms,252ms,87ms,114ms
5830,q-conv-clustered,b,34d23bae-68b6-4c1a-b15c-043c8f1c52b9,0e3ea4eb-fa38-4abd-8a4c-4ab48472ee5f,78,6,82,584,10ms,222ms,68ms,72ms
5840,q-conv-clustered,b,93d95799-3257-409f-9a1f-c4e6b1acbac7,a668a992-86f9-46f7-b785-b33f91ed1aad,113,11,80,582,8.4ms,292ms,117ms,107ms
5850,q-conv-clustered,b,eee42173-a8dc-4a3f-be3d-79f44dada5b3,7b8be299-d5c6-4c52-9c2d-bd5767a65fce,40,14,80,583,11ms,121ms,25ms,36ms
5860,q-conv-clustered,b,eee42173-a8dc-4a3f-be3d-79f44dada5b3,28f9efe9-a7f1-4167-b529-9f375dd070de,58,8,80,583,9.3ms,193ms,36ms,53ms
5870,q-conv-clustered,b,11eaa9c3-4b8f-45e3-b426-78c6d8e7e252,4302d91b-81db-46a7-a1ba-f1b8a2b828a3,61,5,80,583,10ms,84ms,39ms,58ms
5890,q-conv-clustered,b,ab7c56b6-9c1e-4dc5-8f25-0eb5644ae210,5edcab52-f880-4aed-ad5b-aca0b38707f2,40,8,82,585,9.8ms,72ms,14ms,36ms
5880,q-conv-clustered,b,93d95799-3257-409f-9a1f-c4e6b1acbac7,5478e915-399e-48d7-8838-7899dc40918c,204,7,80,582,32ms,584ms,88ms,200ms
5900,q-conv-clustered,b,d0e931bf-8378-4377-b448-32cdcd142fca,188b0192-e34f-491b-aab5-b42d323eb5bf,111,15,80,582,13ms,250ms,89ms,107ms
5910,q-conv-clustered,b,d0e931bf-8378-4377-b448-32cdcd142fca,150ba618-f907-49b6-a849-5be87d42fdf0,83,8,80,582,10ms,80ms,24ms,78ms
5920,q-conv-clustered,b,c44dc1fc-8f74-43dd-9566-d8b2be710def,9c717a13-0915-445c-89ba-d4b215cbaea1,125,11,80,583,11ms,211ms,44ms,121ms
5930,q-conv-clustered,b,93d95799-3257-409f-9a1f-c4e6b1acbac7,fa57d613-d83b-4788-b71f-1c788d48ca6b,87,20,80,582,8.6ms,188ms,55ms,82ms
5940,q-conv-clustered,b,11eaa9c3-4b8f-45e3-b426-78c6d8e7e252,d7073f21-81cb-4ac4-82b2-3a0655b50527,117,14,80,583,9.2ms,291ms,138ms,112ms
5950,q-conv-clustered,b,c44dc1fc-8f74-43dd-9566-d8b2be710def,c86973e7-ba9e-4396-bced-6210b48411f7,61,12,80,583,11ms,105ms,50ms,57ms
5960,q-conv-clustered,b,c8b9a016-520f-4f67-a382-3a944aa907fb,b48f956d-d49d-4911-9802-5bb5ec8dced8,43,11,80,583,9.1ms,71ms,31ms,39ms
5980,q-conv-clustered,b,d0e931bf-8378-4377-b448-32cdcd142fca,810b8aa8-f155-4e18-af5f-c1556e544bfd,219,9,80,582,43ms,454ms,256ms,213ms
5970,q-conv-clustered,b,11eaa9c3-4b8f-45e3-b426-78c6d8e7e252,f734ad5d-a2f2-480e-988d-15602fb9b83d,341,8,80,583,11ms,1.05s,234ms,337ms
5990,q-conv-clustered,b,c8b9a016-520f-4f67-a382-3a944aa907fb,4e8651a8-1236-482f-ad41-5f6923c70ec1,74,11,80,583,11ms,174ms,43ms,70ms
6000,q-conv-clustered,b,93d95799-3257-409f-9a1f-c4e6b1acbac7,6e5e93ed-f052-4766-9d03-d6beb35d4553,99,15,80,582,9.9ms,208ms,12ms,94ms
6010,q-conv-clustered,b,11eaa9c3-4b8f-45e3-b426-78c6d8e7e252,632636b0-3245-44f8-853e-1e8d2618283d,83,9,80,583,9.5ms,163ms,16ms,79ms
6020,q-conv-clustered,b,eee42173-a8dc-4a3f-be3d-79f44dada5b3,3ac4bc09-5904-4f6d-b99e-8b35435a373c,52,7,80,583,8.2ms,67ms,16ms,48ms
6030,q-conv-clustered,b,c8b9a016-520f-4f67-a382-3a944aa907fb,80038920-43a9-4036-a347-9a0c2344132c,116,12,80,583,8.7ms,136ms,51ms,113ms
6040,q-conv-clustered,b,34d23bae-68b6-4c1a-b15c-043c8f1c52b9,f08ff03f-80a0-4f7f-a580-5323d50fa31c,60,14,82,584,9.7ms,94ms,25ms,54ms
6050,q-conv-clustered,b,c44dc1fc-8f74-43dd-9566-d8b2be710def,5984526b-a9c0-496c-bace-222ae34a7041,142,12,80,583,11ms,303ms,84ms,138ms
6060,q-conv-clustered,b,ab7c56b6-9c1e-4dc5-8f25-0eb5644ae210,b16df6fd-518e-4013-9ac4-f9feeba90f03,139,14,82,585,10ms,390ms,148ms,135ms
6070,q-conv-clustered,b,a89d72ec-512f-4655-8c37-b30e5c5e8ec2,5dbc1dc5-af06-4304-9d59-c97300e5d4b6,174,11,82,585,9.3ms,459ms,111ms,170ms
6080,q-conv-clustered,b,ab7c56b6-9c1e-4dc5-8f25-0eb5644ae210,739b5601-17f9-43d4-9a69-5aee29f20cef,160,11,82,585,8.8ms,191ms,54ms,156ms
6100,q-conv-clustered,b,c44dc1fc-8f74-43dd-9566-d8b2be710def,a0f66736-22a5-4f00-9ea3-641dbe55032b,41,16,80,583,12ms,69ms,40ms,37ms
6090,q-conv-clustered,b,a89d72ec-512f-4655-8c37-b30e5c5e8ec2,53e7eef1-a295-43c6-96c8-4634c52fa8c5,246,13,82,585,8.9ms,574ms,127ms,240ms
6110,q-conv-clustered,b,ab7c56b6-9c1e-4dc5-8f25-0eb5644ae210,5fb8cf8c-678a-43a1-be3e-03986186cc14,91,6,82,585,9.7ms,235ms,41ms,87ms
6120,q-conv-clustered,b,93d95799-3257-409f-9a1f-c4e6b1acbac7,5bf481d1-61f7-4f10-9658-8cc70dac0d16,106,15,80,582,12ms,168ms,75ms,103ms
6130,q-conv-clustered,b,93d95799-3257-409f-9a1f-c4e6b1acbac7,9cf8ad74-c578-48a6-bf53-4c0d23abe179,98,17,80,582,9.5ms,156ms,31ms,95ms
6140,q-conv-clustered,b,eee42173-a8dc-4a3f-be3d-79f44dada5b3,1214e5a2-c560-4162-a031-2c43b225c9e1,36,11,80,583,12ms,99ms,40ms,32ms
6150,q-conv-clustered,b,ab7c56b6-9c1e-4dc5-8f25-0eb5644ae210,6ff2cca5-f841-4530-9030-f4743fc238d1,141,11,82,585,11ms,344ms,40ms,137ms
6160,q-conv-clustered,b,34d23bae-68b6-4c1a-b15c-043c8f1c52b9,0f806d2e-33d4-4db1-8f62-51b400e23c9a,60,10,82,584,11ms,148ms,74ms,55ms
6170,q-conv-clustered,b,c44dc1fc-8f74-43dd-9566-d8b2be710def,08c2b498-a9cf-4b3e-af40-bd34278209ac,48,13,80,583,14ms,61ms,32ms,43ms
6180,q-conv-clustered,b,d0e931bf-8378-4377-b448-32cdcd142fca,cb37f039-aef2-4fd7-a5a4-25d4ee93d5ed,128,7,80,582,42ms,386ms,80ms,124ms
6190,q-conv-clustered,b,eee42173-a8dc-4a3f-be3d-79f44dada5b3,77b1eea6-3210-4775-9e43-ffb229f21114,141,10,80,583,10ms,180ms,34ms,134ms
6200,q-conv-clustered,b,a89d72ec-512f-4655-8c37-b30e5c5e8ec2,59d728b1-9516-4666-b1d0-12d2e8073a63,180,14,82,585,9.9ms,314ms,108ms,175ms
6210,q-conv-clustered,b,d0e931bf-8378-4377-b448-32cdcd142fca,a5bf2092-af71-425c-a1bd-1cf3c4023c61,191,17,80,582,9.7ms,574ms,119ms,187ms
6220,q-conv-clustered,b,d0e931bf-8378-4377-b448-32cdcd142fca,24ce7db0-5508-4e4d-9cd3-fe15b81d83a5,185,11,80,582,9.5ms,434ms,119ms,179ms
6230,q-conv-clustered,b,ab7c56b6-9c1e-4dc5-8f25-0eb5644ae210,d1bf9bf4-00d2-4049-b307-cc31e2b857c5,142,8,82,585,9.8ms,280ms,89ms,138ms
6240,q-conv-clustered,b,93d95799-3257-409f-9a1f-c4e6b1acbac7,819dc1b8-c031-456f-a15b-9f99e0c65e21,92,12,80,582,9.7ms,171ms,27ms,88ms
6260,q-conv-clustered,b,11eaa9c3-4b8f-45e3-b426-78c6d8e7e252,5e6222d5-295a-45af-a394-1898fdf63a4d,53,15,80,583,8.8ms,130ms,22ms,48ms
6250,q-conv-clustered,b,93d95799-3257-409f-9a1f-c4e6b1acbac7,afd08b43-8752-4f44-95bf-72c57a6ff986,150,14,80,582,10ms,364ms,137ms,145ms
6270,q-conv-clustered,b,c44dc1fc-8f74-43dd-9566-d8b2be710def,bf7dbd0f-941a-436b-9e20-0f00a15db20f,205,4,80,583,12ms,465ms,244ms,201ms
6280,q-conv-clustered,b,ab7c56b6-9c1e-4dc5-8f25-0eb5644ae210,24305bc5-8df2-4b07-ab33-41724f031ab7,81,15,82,585,11ms,199ms,29ms,75ms
6290,q-conv-clustered,b,c44dc1fc-8f74-43dd-9566-d8b2be710def,55becab7-ba89-454e-9148-581304f692a4,187,14,80,583,10ms,579ms,281ms,183ms
6300,q-conv-clustered,b,eee42173-a8dc-4a3f-be3d-79f44dada5b3,21dc1176-d427-41c8-9da2-dd287c7ecc5e,80,12,80,583,14ms,197ms,77ms,76ms
6310,q-conv-clustered,b,68b4d330-7ca0-476a-b224-b26bc3176700,5213baee-2af0-47b1-b897-c00b6a847ae5,134,12,80,583,8.7ms,238ms,59ms,130ms
6320,q-conv-clustered,b,68b4d330-7ca0-476a-b224-b26bc3176700,ebcb0717-c548-433e-aef1-2980853a2e97,94,8,80,583,9.3ms,281ms,82ms,90ms
6330,q-conv-clustered,b,34d23bae-68b6-4c1a-b15c-043c8f1c52b9,f9fc1492-5c1d-42bd-ae40-66a857bc723a,57,10,82,584,11ms,136ms,43ms,53ms
6340,q-conv-clustered,b,34d23bae-68b6-4c1a-b15c-043c8f1c52b9,c83dd7ef-2e08-411c-b9b6-e84bf18b3fa4,57,15,82,584,12ms,66ms,39ms,52ms
6350,q-conv-clustered,b,68b4d330-7ca0-476a-b224-b26bc3176700,5e4728f7-7c44-4611-a098-a1dc3edf892b,44,10,80,583,11ms,108ms,54ms,37ms
6360,q-conv-clustered,b,34d23bae-68b6-4c1a-b15c-043c8f1c52b9,fa6b5c1d-52f7-43dc-bf26-76dcc54d2ac1,97,10,82,584,9.5ms,147ms,62ms,93ms
6380,q-conv-clustered,b,c44dc1fc-8f74-43dd-9566-d8b2be710def,c7316191-df43-42c2-95cf-6b3312fe0aa2,52,13,80,583,12ms,62ms,38ms,48ms
6370,q-conv-clustered,b,ab7c56b6-9c1e-4dc5-8f25-0eb5644ae210,b860b713-5196-4806-b7a6-a1f68fc616e5,211,9,82,585,11ms,419ms,105ms,206ms
6390,q-conv-clustered,b,11eaa9c3-4b8f-45e3-b426-78c6d8e7e252,7d1e8337-1871-4edb-be31-20fac32fa3cd,143,13,80,583,10ms,344ms,91ms,138ms
6400,q-conv-clustered,b,34d23bae-68b6-4c1a-b15c-043c8f1c52b9,0897ac78-2480-4d0e-96cb-518a1e5cfdf2,66,18,82,584,8.8ms,75ms,24ms,63ms
6420,q-conv-clustered,b,11eaa9c3-4b8f-45e3-b426-78c6d8e7e252,3593e15b-b207-494c-9ae4-c5cd6f772496,40,13,80,583,9.4ms,76ms,29ms,36ms
6410,q-conv-clustered,b,c44dc1fc-8f74-43dd-9566-d8b2be710def,3d2cb759-df3f-4342-8c6d-1b1c3141ac45,176,14,80,583,12ms,491ms,68ms,172ms
6430,q-conv-clustered,b,c44dc1fc-8f74-43dd-9566-d8b2be710def,86ba88b4-2b62-4d87-bfa2-5cb4f918d400,92,5,80,583,12ms,132ms,22ms,88ms
6440,q-conv-clustered,b,d0e931bf-8378-4377-b448-32cdcd142fca,38bac872-af6c-4c9e-8676-e6063ecc2e74,89,14,80,582,9.1ms,250ms,66ms,85ms
6450,q-conv-clustered,b,93d95799-3257-409f-9a1f-c4e6b1acbac7,b7ee7a62-60ec-425b-977f-3cf8e091469a,155,11,80,582,9.5ms,282ms,96ms,151ms
6460,q-conv-clustered,b,c8b9a016-520f-4f67-a382-3a944aa907fb,8b0ac2d0-8f13-4ed8-b5ce-8f943ec44d44,93,12,80,583,8.8ms,251ms,35ms,89ms
6470,q-conv-clustered,b,34d23bae-68b6-4c1a-b15c-043c8f1c52b9,5c545aae-1e25-4e5c-a09f-33bbbccb6915,98,10,82,584,13ms,200ms,60ms,94ms
6480,q-conv-clustered,b,eee42173-a8dc-4a3f-be3d-79f44dada5b3,d7325c43-5325-42f5-8a9b-5567dda90924,62,8,80,583,9.6ms,209ms,43ms,58ms
6490,q-conv-clustered,b,11eaa9c3-4b8f-45e3-b426-78c6d8e7e252,26805bd5-ad19-4fb9-9e5d-477e78dd1cab,122,16,80,583,9.2ms,278ms,58ms,117ms
6500,q-conv-clustered,b,ab7c56b6-9c1e-4dc5-8f25-0eb5644ae210,e9a1035e-460a-412b-b9ff-a6fe105ea5a0,204,12,82,585,11ms,439ms,76ms,200ms
6510,q-conv-clustered,b,ab7c56b6-9c1e-4dc5-8f25-0eb5644ae210,e1703881-26a4-4796-8e37-354daf470dcc,133,23,82,585,12ms,400ms,104ms,124ms
6520,q-conv-clustered,b,68b4d330-7ca0-476a-b224-b26bc3176700,bd67aeb5-3280-4b7a-aa51-43091736edbc,43,14,80,583,8.6ms,84ms,34ms,38ms
6540,q-conv-clustered,b,68b4d330-7ca0-476a-b224-b26bc3176700,226f3913-d335-4b7c-98d5-14d03aba2dc3,103,7,80,583,9.6ms,266ms,57ms,99ms
6530,q-conv-clustered,b,11eaa9c3-4b8f-45e3-b426-78c6d8e7e252,a1bdba0e-156b-415a-a569-335404d4895a,221,13,80,583,9.7ms,546ms,242ms,217ms
6550,q-conv-clustered,b,c8b9a016-520f-4f67-a382-3a944aa907fb,30598791-1d9e-4346-8fa7-8fdbfffe084a,60,20,80,583,10.0ms,117ms,21ms,57ms
6560,q-conv-clustered,b,93d95799-3257-409f-9a1f-c4e6b1acbac7,f9af7e4d-5e0c-4a49-89f9-21a930565fe4,65,17,80,582,10ms,50ms,28ms,57ms
6570,q-conv-clustered,b,a89d72ec-512f-4655-8c37-b30e5c5e8ec2,56a4622d-4f25-4a86-948a-53b0022e319d,139,9,82,585,9.6ms,367ms,74ms,133ms
6590,q-conv-clustered,b,d0e931bf-8378-4377-b448-32cdcd142fca,e3fe6601-c431-479c-8f92-19422c6c7f43,67,8,80,582,8.8ms,80ms,63ms,63ms
6580,q-conv-clustered,b,11eaa9c3-4b8f-45e3-b426-78c6d8e7e252,0d8a2849-9fbb-465c-8460-12ab89ea3ae2,205,12,80,583,9.2ms,481ms,241ms,201ms
6600,q-conv-clustered,b,c44dc1fc-8f74-43dd-9566-d8b2be710def,bbb218a3-60ed-4339-84d0-ae10bf62b6b3,86,12,80,583,12ms,135ms,17ms,81ms
6610,q-conv-clustered,b,d0e931bf-8378-4377-b448-32cdcd142fca,2b94821d-0298-4b55-a94d-a83402d92a29,84,11,80,582,9.8ms,227ms,34ms,80ms
6620,q-conv-clustered,b,ab7c56b6-9c1e-4dc5-8f25-0eb5644ae210,ed3f45d6-0d83-40a0-814e-c0eb6c71853d,92,9,82,585,9.2ms,143ms,22ms,87ms
6630,q-conv-clustered,b,c8b9a016-520f-4f67-a382-3a944aa907fb,95042949-15f0-4a10-9aa9-d46a8fadfd23,82,12,80,583,9.0ms,171ms,46ms,78ms
6640,q-conv-clustered,b,ab7c56b6-9c1e-4dc5-8f25-0eb5644ae210,028c69bc-8ecb-4bdb-9c8e-b48dde02dd31,125,11,82,585,11ms,224ms,100ms,120ms
6650,q-conv-clustered,b,34d23bae-68b6-4c1a-b15c-043c8f1c52b9,2b901a69-9d5b-4ed9-87c1-1dd52c5107bc,134,13,82,584,9.2ms,150ms,73ms,129ms
6660,q-conv-clustered,b,c44dc1fc-8f74-43dd-9566-d8b2be710def,4f913967-ef45-429b-9949-4d7116d87416,104,9,80,583,11ms,325ms,79ms,101ms
6680,q-conv-clustered,b,d0e931bf-8378-4377-b448-32cdcd142fca,d64a0be4-a61c-4ba0-81e4-938417ae9860,75,14,80,582,10ms,150ms,62ms,71ms
6670,q-conv-clustered,b,c8b9a016-520f-4f67-a382-3a944aa907fb,d09f04ee-11c4-4ceb-ad6b-a1c37df4a52d,265,13,80,583,11ms,398ms,68ms,261ms
6690,q-conv-clustered,b,c44dc1fc-8f74-43dd-9566-d8b2be710def,d38375d0-69df-4473-9c7b-26becff8536e,141,17,80,583,12ms,419ms,204ms,137ms
6700,q-conv-clustered,b,ab7c56b6-9c1e-4dc5-8f25-0eb5644ae210,b6b216fc-6ca7-4707-914d-8bfae7ff9d06,74,8,82,585,9.9ms,140ms,57ms,70ms
6710,q-conv-clustered,b,c44dc1fc-8f74-43dd-9566-d8b2be710def,89313381-8369-4f27-aceb-5324e5da60a5,70,10,80,583,11ms,109ms,28ms,66ms
6720,q-conv-clustered,b,68b4d330-7ca0-476a-b224-b26bc3176700,964e1146-446d-4181-928d-865804c3971e,35,13,80,583,11ms,76ms,17ms,31ms
6730,q-conv-clustered,b,68b4d330-7ca0-476a-b224-b26bc3176700,3ee37d81-dda4-41f3-aa85-1963546664e2,88,14,80,583,10ms,134ms,45ms,72ms
6740,q-conv-clustered,b,a89d72ec-512f-4655-8c37-b30e5c5e8ec2,82965534-a131-4309-9fda-c7e69d4c92d2,181,10,82,585,9.8ms,483ms,93ms,176ms
6750,q-conv-clustered,b,d0e931bf-8378-4377-b448-32cdcd142fca,e5ea4149-49b1-4bec-9c71-e6d4f99ba79d,139,17,80,582,8.7ms,291ms,96ms,133ms
6760,q-conv-clustered,b,a89d72ec-512f-4655-8c37-b30e5c5e8ec2,42f6074a-fe3b-4e3b-a834-64b9aac263f3,140,17,82,585,9.7ms,336ms,56ms,136ms
6780,q-conv-clustered,b,c8b9a016-520f-4f67-a382-3a944aa907fb,64bac8c0-73b4-4df3-a952-94620de85ca2,59,12,80,583,13ms,102ms,30ms,55ms
6770,q-conv-clustered,b,d0e931bf-8378-4377-b448-32cdcd142fca,aeb5bfc9-af7b-410d-bdfd-f83fd34847f6,171,6,80,582,9.9ms,323ms,123ms,167ms
6790,q-conv-clustered,b,eee42173-a8dc-4a3f-be3d-79f44dada5b3,faf2565c-739c-43b6-bb27-63cd81d53591,45,14,80,583,11ms,80ms,33ms,40ms
6800,q-conv-clustered,b,11eaa9c3-4b8f-45e3-b426-78c6d8e7e252,ff46f998-c1e8-4da0-962a-446da96cbdf5,91,13,80,583,9.5ms,165ms,74ms,88ms
6810,q-conv-clustered,b,ab7c56b6-9c1e-4dc5-8f25-0eb5644ae210,c62cd0e7-56d5-4584-8e2a-869fc8065678,91,6,82,585,9.9ms,277ms,59ms,87ms
6820,q-conv-clustered,b,68b4d330-7ca0-476a-b224-b26bc3176700,7c5584c7-1c99-4dce-a245-a5751e1021b2,46,13,80,583,10ms,85ms,61ms,41ms
6840,q-conv-clustered,b,ab7c56b6-9c1e-4dc5-8f25-0eb5644ae210,2de5c48f-2acc-4d7c-9c2c-0f07f1c9cb88,55,7,82,585,11ms,76ms,35ms,50ms
6830,q-conv-clustered,b,c44dc1fc-8f74-43dd-9566-d8b2be710def,c8998231-a8ad-4f73-988e-d9a290175b93,252,14,80,583,14ms,607ms,153ms,248ms
6850,q-conv-clustered,b,34d23bae-68b6-4c1a-b15c-043c8f1c52b9,c4bbe12d-dc9d-408d-a4f8-86d3204367fe,194,13,82,584,9.3ms,540ms,210ms,191ms
6860,q-conv-clustered,b,eee42173-a8dc-4a3f-be3d-79f44dada5b3,49834341-af20-4834-96c3-37019f407440,102,16,80,583,11ms,186ms,57ms,97ms
6870,q-conv-clustered,b,d0e931bf-8378-4377-b448-32cdcd142fca,fea56bb1-cd2c-4869-beae-da0f800bb1be,82,11,80,582,10ms,205ms,63ms,77ms
6880,q-conv-clustered,b,68b4d330-7ca0-476a-b224-b26bc3176700,63e8a56a-4276-4c50-9ae5-3a7ab90d9f10,206,7,80,583,8.4ms,290ms,59ms,201ms
6900,q-conv-clustered,b,d0e931bf-8378-4377-b448-32cdcd142fca,67c813a2-a887-4e1c-8b3d-06ca6cf51568,43,14,80,582,9.2ms,83ms,20ms,39ms
6890,q-conv-clustered,b,34d23bae-68b6-4c1a-b15c-043c8f1c52b9,9203b244-95c0-4260-8e4c-4da6dc4fffe2,160,11,82,584,9.8ms,265ms,87ms,156ms
6920,q-conv-clustered,b,11eaa9c3-4b8f-45e3-b426-78c6d8e7e252,8524091d-3c18-484c-86d7-7c74c3f37569,44,9,80,583,13ms,129ms,36ms,39ms
6910,q-conv-clustered,b,c8b9a016-520f-4f67-a382-3a944aa907fb,c6b147f8-eb09-4707-b972-110effc356f6,214,10,80,583,9.7ms,437ms,55ms,210ms
6930,q-conv-clustered,b,d0e931bf-8378-4377-b448-32cdcd142fca,f8ba4d1a-8447-4b1d-aa64-996612ded47c,39,13,80,582,11ms,52ms,28ms,36ms
6940,q-conv-clustered,b,a89d72ec-512f-4655-8c37-b30e5c5e8ec2,becd1457-4985-4a77-9409-28aceac43cfb,94,15,82,585,10ms,249ms,42ms,90ms
6950,q-conv-clustered,b,c8b9a016-520f-4f67-a382-3a944aa907fb,a18c1d75-5047-41db-a7d3-7303865f6e76,128,7,80,583,10ms,333ms,45ms,124ms
6960,q-conv-clustered,b,ab7c56b6-9c1e-4dc5-8f25-0eb5644ae210,370b71c9-0532-4a5f-b548-5f7742432ebe,60,15,82,585,9.4ms,146ms,20ms,56ms
6970,q-conv-clustered,b,ab7c56b6-9c1e-4dc5-8f25-0eb5644ae210,94b71e45-8f8b-4c9c-9d6d-628789da7cc2,70,6,82,585,9.6ms,142ms,20ms,65ms
6990,q-conv-clustered,b,11eaa9c3-4b8f-45e3-b426-78c6d8e7e252,0888eec2-9fbe-4ead-a318-d126ab903fe4,42,24,80,583,8.3ms,68ms,19ms,38ms
6980,q-conv-clustered,b,c8b9a016-520f-4f67-a382-3a944aa907fb,f910b353-b638-496a-af23-759a1633c6c9,159,10,80,583,33ms,396ms,95ms,156ms
7000,q-conv-clustered,b,11eaa9c3-4b8f-45e3-b426-78c6d8e7e252,0f670f65-02dc-4954-8e20-1c1bc147137e,52,13,80,583,8.8ms,144ms,44ms,49ms
7010,q-conv-clustered,b,11eaa9c3-4b8f-45e3-b426-78c6d8e7e252,1c4daf13-3b60-4a41-bdbc-907821f13f6b,120,7,80,583,11ms,259ms,12ms,117ms
7020,q-conv-clustered,b,c8b9a016-520f-4f67-a382-3a944aa907fb,deeeb1fe-555e-45cc-b836-43c126d8f23f,190,14,80,583,9.1ms,303ms,93ms,185ms
7030,q-conv-clustered,b,34d23bae-68b6-4c1a-b15c-043c8f1c52b9,5f4df4b0-effe-482e-8238-0e0c5d75fabc,110,10,82,584,11ms,343ms,60ms,105ms
7040,q-conv-clustered,b,93d95799-3257-409f-9a1f-c4e6b1acbac7,807564ef-d413-40e0-b424-68a0b4510c4f,201,12,80,582,11ms,489ms,152ms,198ms
7050,q-conv-clustered,b,68b4d330-7ca0-476a-b224-b26bc3176700,2e5608bf-f037-467c-a4cb-274b4a9d2ff4,149,12,80,583,12ms,476ms,90ms,145ms
7060,q-conv-clustered,b,c8b9a016-520f-4f67-a382-3a944aa907fb,47060a2e-b5ca-4a5a-b924-526e3e225840,292,18,80,583,34ms,477ms,255ms,288ms
7070,q-conv-clustered,b,34d23bae-68b6-4c1a-b15c-043c8f1c52b9,6d3e3557-2fcc-4895-b7a5-0cd59a9b3982,282,15,82,584,32ms,463ms,131ms,278ms
7080,q-conv-clustered,b,93d95799-3257-409f-9a1f-c4e6b1acbac7,4f4f6aa9-ee60-4087-89ee-25e486a14f4d,299,16,80,582,12ms,812ms,144ms,295ms
7090,q-conv-clustered,b,c44dc1fc-8f74-43dd-9566-d8b2be710def,6b7dce0d-8f8a-472a-9580-b0633efd7e6e,138,6,80,583,12ms,447ms,174ms,134ms
7100,q-conv-clustered,b,34d23bae-68b6-4c1a-b15c-043c8f1c52b9,df6be0e3-952f-4c93-8004-66ed9f6f860e,100,13,82,584,12ms,248ms,55ms,97ms
7110,q-conv-clustered,b,ab7c56b6-9c1e-4dc5-8f25-0eb5644ae210,9f9ca271-1875-4701-83b5-e607dc294476,90,6,82,585,11ms,236ms,38ms,85ms
7120,q-conv-clustered,b,ab7c56b6-9c1e-4dc5-8f25-0eb5644ae210,e00d371a-0b6f-48e1-af1f-10990f122783,70,16,82,585,11ms,238ms,31ms,65ms
7130,q-conv-clustered,b,c44dc1fc-8f74-43dd-9566-d8b2be710def,a64e2898-1af0-4639-b0c8-0145168629dd,76,8,80,583,13ms,118ms,46ms,70ms
7140,q-conv-clustered,b,a89d72ec-512f-4655-8c37-b30e5c5e8ec2,f0757049-400d-480b-a579-3d76950c4d3f,165,13,82,585,10ms,409ms,41ms,161ms
7150,q-conv-clustered,b,34d23bae-68b6-4c1a-b15c-043c8f1c52b9,905f693f-9ec6-4b85-9bc0-07be4b9f6e81,60,9,82,584,9.6ms,122ms,58ms,56ms
7160,q-conv-clustered,b,c8b9a016-520f-4f67-a382-3a944aa907fb,1c28e359-6434-4f3a-b505-1d5b292dfe02,111,22,80,583,11ms,277ms,100ms,107ms
7170,q-conv-clustered,b,ab7c56b6-9c1e-4dc5-8f25-0eb5644ae210,9a4b6c63-0b2c-41f1-a06b-6df87a20019b,109,17,82,585,9.8ms,318ms,59ms,103ms
7180,q-conv-clustered,b,c44dc1fc-8f74-43dd-9566-d8b2be710def,4164410e-5235-449f-a786-239c26e26292,62,21,80,583,11ms,112ms,69ms,56ms
7190,q-conv-clustered,b,c8b9a016-520f-4f67-a382-3a944aa907fb,cbb8a24a-9a94-4f6a-a225-8140e99d230a,90,14,80,583,11ms,217ms,64ms,86ms
7200,q-conv-clustered,b,eee42173-a8dc-4a3f-be3d-79f44dada5b3,3393fa57-fb00-4fbe-86b1-da6ab522203d,44,12,80,583,11ms,77ms,12ms,41ms
7210,q-conv-clustered,b,68b4d330-7ca0-476a-b224-b26bc3176700,eb6eeacb-4bb4-486a-ba3e-1b41d150f18a,82,8,80,583,9.4ms,171ms,69ms,78ms
7220,q-conv-clustered,b,a89d72ec-512f-4655-8c37-b30e5c5e8ec2,38627663-989c-4ad3-be0e-3ba1466c4dc2,211,11,82,585,10ms,659ms,262ms,207ms
7230,q-conv-clustered,b,ab7c56b6-9c1e-4dc5-8f25-0eb5644ae210,0e5eccaa-22fa-4893-a9b1-2766e7efebcc,111,11,82,585,10.0ms,348ms,14ms,107ms
7250,q-conv-clustered,b,eee42173-a8dc-4a3f-be3d-79f44dada5b3,14b6ccec-8385-4bbd-854b-b2e3d1fd7e0f,49,8,80,583,11ms,94ms,30ms,43ms
7240,q-conv-clustered,b,d0e931bf-8378-4377-b448-32cdcd142fca,5d4b1ae5-fe17-4cdd-b828-861065639cf5,174,12,80,582,8.7ms,455ms,125ms,170ms
7260,q-conv-clustered,b,11eaa9c3-4b8f-45e3-b426-78c6d8e7e252,6d4690c5-f605-4534-a9cb-4a35848ddaf0,69,14,80,583,9.8ms,152ms,45ms,65ms
7270,q-conv-clustered,b,c44dc1fc-8f74-43dd-9566-d8b2be710def,1bd2403c-59c0-4c39-ab4f-bfb0b09dff8c,77,18,80,583,12ms,190ms,23ms,73ms
7280,q-conv-clustered,b,c44dc1fc-8f74-43dd-9566-d8b2be710def,24e1536f-ffed-4f24-872a-26df23cb75b0,60,13,80,583,11ms,146ms,19ms,54ms
7290,q-conv-clustered,b,eee42173-a8dc-4a3f-be3d-79f44dada5b3,423879d6-5151-4027-9cb6-c3d15e8eba07,57,8,80,583,9.8ms,105ms,27ms,50ms
7300,q-conv-clustered,b,a89d72ec-512f-4655-8c37-b30e5c5e8ec2,2231dfd9-d24f-451a-a2ab-3737c09ae8ee,57,18,82,585,9.5ms,100ms,67ms,53ms
7310,q-conv-clustered,b,ab7c56b6-9c1e-4dc5-8f25-0eb5644ae210,dba9d3d8-4363-4548-9a5c-614fc1f5b297,48,4,82,585,9.5ms,95ms,63ms,42ms
7320,q-conv-clustered,b,c44dc1fc-8f74-43dd-9566-d8b2be710def,68da1253-3d6f-45a1-bf4c-3d9017962fc3,175,11,80,583,24ms,430ms,117ms,170ms
7340,q-conv-clustered,b,ab7c56b6-9c1e-4dc5-8f25-0eb5644ae210,da6cae1a-02fe-43d6-91c7-7328cbabdd32,55,11,82,585,11ms,181ms,37ms,52ms
7330,q-conv-clustered,b,34d23bae-68b6-4c1a-b15c-043c8f1c52b9,4e66a97e-979b-43f4-a4b8-5904aadef07a,165,10,82,584,35ms,426ms,110ms,160ms
7350,q-conv-clustered,b,ab7c56b6-9c1e-4dc5-8f25-0eb5644ae210,8b173306-aafe-4d66-9aab-d2e651bce1e0,62,9,82,585,12ms,143ms,30ms,58ms
7360,q-conv-clustered,b,ab7c56b6-9c1e-4dc5-8f25-0eb5644ae210,69c8fcb6-6afd-4cd0-9523-5b2b3ceba79d,57,11,82,585,10ms,72ms,44ms,52ms
7370,q-conv-clustered,b,a89d72ec-512f-4655-8c37-b30e5c5e8ec2,df07e23e-543d-4b60-b35b-4f482c5cad76,29,12,82,585,8.0ms,49ms,15ms,26ms
7380,q-conv-clustered,b,ab7c56b6-9c1e-4dc5-8f25-0eb5644ae210,d46824be-02fa-4aa3-a783-ee59b3ebcae7,106,10,82,585,9.4ms,254ms,42ms,101ms
7390,q-conv-clustered,b,c8b9a016-520f-4f67-a382-3a944aa907fb,cebb0e3c-18ae-4bc8-9954-f52317effb1f,46,13,80,583,8.7ms,79ms,17ms,42ms
7400,q-conv-clustered,b,93d95799-3257-409f-9a1f-c4e6b1acbac7,3bbbc2a6-0f16-49b0-8e8c-5091f5379237,62,12,80,582,11ms,84ms,28ms,57ms
7410,q-conv-clustered,b,c8b9a016-520f-4f67-a382-3a944aa907fb,ffea6a55-4e2f-41f4-ab31-a92214dbc377,106,17,80,583,10ms,286ms,53ms,102ms
7420,q-conv-clustered,b,c8b9a016-520f-4f67-a382-3a944aa907fb,42e4d9a5-08d0-44aa-8dd0-0aeb8f34d34e,186,15,80,583,11ms,349ms,142ms,183ms
7440,q-conv-clustered,b,a89d72ec-512f-4655-8c37-b30e5c5e8ec2,3941ef25-aa55-4fa3-87c7-9d8c7e8672a9,32,14,82,585,9.6ms,57ms,18ms,28ms
7430,q-conv-clustered,b,68b4d330-7ca0-476a-b224-b26bc3176700,a775d6c6-79eb-49ad-9adc-81cbbda9570d,191,8,80,583,9.6ms,565ms,48ms,186ms
7450,q-conv-clustered,b,34d23bae-68b6-4c1a-b15c-043c8f1c52b9,31f163ef-a819-4e29-95e0-6631641105de,127,11,82,584,9.5ms,428ms,28ms,125ms
7460,q-conv-clustered,b,93d95799-3257-409f-9a1f-c4e6b1acbac7,5378f75c-a2bb-4df1-b719-a5a5646152f9,117,10,80,582,9.5ms,178ms,65ms,114ms
7470,q-conv-clustered,b,11eaa9c3-4b8f-45e3-b426-78c6d8e7e252,f79ade63-d99d-456e-8528-d33a72b20d59,117,11,80,583,9.5ms,325ms,60ms,110ms
7480,q-conv-clustered,b,93d95799-3257-409f-9a1f-c4e6b1acbac7,66dc32a8-9665-4e12-aa7f-fec7cca3cc6f,75,17,80,582,21ms,178ms,89ms,69ms
7490,q-conv-clustered,b,93d95799-3257-409f-9a1f-c4e6b1acbac7,eaf79e35-61ef-4638-aab5-aca080423295,113,16,80,582,11ms,325ms,132ms,108ms
7500,q-conv-clustered,b,a89d72ec-512f-4655-8c37-b30e5c5e8ec2,db6f13f2-b40f-421e-8321-bf48984eacba,108,19,82,585,9.6ms,175ms,36ms,104ms
7520,q-conv-clustered,b,a89d72ec-512f-4655-8c37-b30e5c5e8ec2,01f301e5-24a2-4299-a0c5-8cd821368d3d,38,11,82,585,10ms,81ms,28ms,33ms
7510,q-conv-clustered,b,c44dc1fc-8f74-43dd-9566-d8b2be710def,bf62310c-b041-48cf-bed4-985d01b6a951,194,6,80,583,11ms,631ms,82ms,189ms
7530,q-conv-clustered,b,93d95799-3257-409f-9a1f-c4e6b1acbac7,48db73a2-682d-4454-aa6c-742d22b7078f,108,10,80,582,10ms,206ms,15ms,104ms
7540,q-conv-clustered,b,68b4d330-7ca0-476a-b224-b26bc3176700,b8d6a93d-75d0-429b-a543-fde29d9554df,85,11,80,583,11ms,192ms,53ms,82ms
7550,q-conv-clustered,b,68b4d330-7ca0-476a-b224-b26bc3176700,34da2561-9937-4020-92b2-0c1fa668297e,183,11,80,583,10ms,487ms,142ms,179ms
7560,q-conv-clustered,b,11eaa9c3-4b8f-45e3-b426-78c6d8e7e252,83240dc7-3c18-470f-ad0c-8aeaae28872d,100,13,80,583,10ms,275ms,63ms,96ms
7570,q-conv-clustered,b,c8b9a016-520f-4f67-a382-3a944aa907fb,309014d5-6f9c-4319-b117-e3728187f7a7,80,13,80,583,33ms,169ms,25ms,75ms
7580,q-conv-clustered,b,eee42173-a8dc-4a3f-be3d-79f44dada5b3,bc97a934-9b9b-4cf0-80b8-0345fc2faa71,56,8,80,583,17ms,105ms,38ms,52ms
7590,q-conv-clustered,b,ab7c56b6-9c1e-4dc5-8f25-0eb5644ae210,f15d57e3-146e-4268-bf37-09700e6a5e93,44,14,82,585,10ms,120ms,57ms,40ms
7600,q-conv-clustered,b,34d23bae-68b6-4c1a-b15c-043c8f1c52b9,53cb58ac-cf8e-4368-a439-f63df7f2ae91,126,12,82,584,11ms,318ms,170ms,121ms
7610,q-conv-clustered,b,d0e931bf-8378-4377-b448-32cdcd142fca,6645449e-f334-48ad-a358-82c8c51dc656,70,14,80,582,9.8ms,136ms,37ms,66ms
7620,q-conv-clustered,b,a89d72ec-512f-4655-8c37-b30e5c5e8ec2,23812f3b-43a6-4e57-827e-887f21ffa744,83,9,82,585,8.7ms,208ms,43ms,78ms
7630,q-conv-clustered,b,34d23bae-68b6-4c1a-b15c-043c8f1c52b9,41439102-c338-465d-bee5-53723fa6c270,147,14,82,584,33ms,359ms,145ms,142ms
7640,q-conv-clustered,b,eee42173-a8dc-4a3f-be3d-79f44dada5b3,fddb30c4-61eb-407b-9840-28d4a59b1810,60,16,80,583,10ms,88ms,23ms,55ms
7650,q-conv-clustered,b,11eaa9c3-4b8f-45e3-b426-78c6d8e7e252,8a0af34f-4843-4847-bd4a-6de937409ea6,102,12,80,583,9.0ms,232ms,85ms,98ms
7660,q-conv-clustered,b,c44dc1fc-8f74-43dd-9566-d8b2be710def,9247df1a-bfa5-4ae6-8788-dd5fd5cf0245,165,8,80,583,11ms,445ms,142ms,160ms
7670,q-conv-clustered,b,34d23bae-68b6-4c1a-b15c-043c8f1c52b9,7658fe22-cc01-4402-add1-d23e9b892c1c,172,5,82,584,9.8ms,448ms,84ms,168ms
7680,q-conv-clustered,b,11eaa9c3-4b8f-45e3-b426-78c6d8e7e252,2031ce11-535e-4a85-a3d6-9fff83e751ee,81,14,80,583,9.8ms,244ms,42ms,76ms
7690,q-conv-clustered,b,d0e931bf-8378-4377-b448-32cdcd142fca,958d6b60-e2f2-458b-a9b3-e417fc3e8f77,77,14,80,582,9.6ms,197ms,76ms,74ms
7710,q-conv-clustered,b,ab7c56b6-9c1e-4dc5-8f25-0eb5644ae210,b1959c32-2731-4556-abcf-3b759a5aa747,47,13,82,585,9.4ms,123ms,40ms,43ms
7700,q-conv-clustered,b,c8b9a016-520f-4f67-a382-3a944aa907fb,7240c3af-aa4a-43f9-9dc7-aa7bef8769d4,158,7,80,583,9.9ms,307ms,95ms,155ms
7720,q-conv-clustered,b,d0e931bf-8378-4377-b448-32cdcd142fca,8746402e-9e64-408d-85df-91c4c299d1ea,138,10,80,582,9.8ms,435ms,87ms,132ms
7730,q-conv-clustered,b,d0e931bf-8378-4377-b448-32cdcd142fca,93f90d16-4d8f-48b5-83ab-c2399052cf2f,121,16,80,582,9.1ms,352ms,50ms,117ms
7740,q-conv-clustered,b,a89d72ec-512f-4655-8c37-b30e5c5e8ec2,22e05731-9429-4283-a136-214383d67672,84,9,82,585,8.5ms,135ms,30ms,80ms
7750,q-conv-clustered,b,d0e931bf-8378-4377-b448-32cdcd142fca,cd7cb7d7-9d38-4f2b-9209-2ec05f759917,125,15,80,582,9.7ms,408ms,54ms,121ms
7760,q-conv-clustered,b,ab7c56b6-9c1e-4dc5-8f25-0eb5644ae210,0ec29985-ba09-4f95-a715-cf63e9d756e6,94,9,82,585,8.8ms,166ms,79ms,91ms
7770,q-conv-clustered,b,11eaa9c3-4b8f-45e3-b426-78c6d8e7e252,8a298389-5442-4684-8ccc-55ca86e5d643,94,16,80,583,8.6ms,167ms,22ms,90ms
7780,q-conv-clustered,b,a89d72ec-512f-4655-8c37-b30e5c5e8ec2,c300437f-fe32-4858-a164-7d4f22643e30,79,10,82,585,9.8ms,245ms,45ms,75ms
7790,q-conv-clustered,b,c44dc1fc-8f74-43dd-9566-d8b2be710def,79724199-d793-49db-9789-1dcceefb5c55,115,16,80,583,13ms,197ms,54ms,111ms
7810,q-conv-clustered,b,68b4d330-7ca0-476a-b224-b26bc3176700,aa8684ea-79ed-4721-bb2b-663591ade2df,86,18,80,583,8.8ms,248ms,95ms,81ms
7800,q-conv-clustered,b,34d23bae-68b6-4c1a-b15c-043c8f1c52b9,ecab37ae-0d05-4f01-9d47-400bb1ec77a5,313,11,82,584,11ms,926ms,277ms,309ms
7830,q-conv-clustered,b,11eaa9c3-4b8f-45e3-b426-78c6d8e7e252,745115ed-0eba-4b15-969d-8786a2cc926b,46,20,80,583,8.8ms,105ms,30ms,42ms
7820,q-conv-clustered,b,93d95799-3257-409f-9a1f-c4e6b1acbac7,c114bffb-ce56-481f-9877-0a93d963b568,185,14,80,582,10ms,257ms,90ms,181ms
7840,q-conv-clustered,b,11eaa9c3-4b8f-45e3-b426-78c6d8e7e252,13b48a4e-bc92-40d5-bbe4-e2e3a85068ad,109,12,80,583,9.6ms,248ms,39ms,106ms
7850,q-conv-clustered,b,93d95799-3257-409f-9a1f-c4e6b1acbac7,c9f60bb8-9cb5-4051-8efa-7f60470c74d8,146,9,80,582,12ms,367ms,78ms,142ms
7860,q-conv-clustered,b,eee42173-a8dc-4a3f-be3d-79f44dada5b3,f5749416-c765-4383-81e1-506ef495c478,87,11,80,583,13ms,146ms,95ms,83ms
7880,q-conv-clustered,b,93d95799-3257-409f-9a1f-c4e6b1acbac7,4e29c137-09c1-41f2-a15b-ae912f726fa6,181,11,80,582,12ms,502ms,219ms,178ms
7890,q-conv-clustered,b,eee42173-a8dc-4a3f-be3d-79f44dada5b3,d69fb290-cddc-4f2a-a381-e0ef751e527f,48,12,80,583,12ms,143ms,56ms,42ms
7870,q-conv-clustered,b,c8b9a016-520f-4f67-a382-3a944aa907fb,92aa63a7-7dc7-438c-965a-b1d6c4f0d271,346,15,80,583,42ms,1.01s,322ms,343ms
7900,q-conv-clustered,b,c8b9a016-520f-4f67-a382-3a944aa907fb,95fcd381-a4db-4001-834b-6cfbd6b7bf7a,196,16,80,583,9.9ms,589ms,157ms,193ms
7910,q-conv-clustered,b,ab7c56b6-9c1e-4dc5-8f25-0eb5644ae210,b15ecd7d-5194-47bc-895f-78e8f801b595,79,11,82,585,15ms,203ms,58ms,74ms
7920,q-conv-clustered,b,11eaa9c3-4b8f-45e3-b426-78c6d8e7e252,978fd3d5-8a67-4424-8222-005e55add38b,39,10,80,583,9.7ms,71ms,44ms,34ms
7940,q-conv-clustered,b,a89d72ec-512f-4655-8c37-b30e5c5e8ec2,367eafec-59c8-45cf-a55b-a921132506cd,54,18,82,585,9.4ms,128ms,21ms,49ms
7930,q-conv-clustered,b,c8b9a016-520f-4f67-a382-3a944aa907fb,38acb31b-431f-42c1-be98-322886348133,177,8,80,583,32ms,594ms,63ms,174ms
7960,q-conv-clustered,b,eee42173-a8dc-4a3f-be3d-79f44dada5b3,48a46493-edb7-4bcf-a34d-1bf0ebe97f63,100,15,80,583,53ms,300ms,108ms,94ms
7950,q-conv-clustered,b,68b4d330-7ca0-476a-b224-b26bc3176700,7d534ded-6629-4965-af7f-4284d22c0f69,204,11,80,583,9.7ms,611ms,107ms,201ms
7970,q-conv-clustered,b,34d23bae-68b6-4c1a-b15c-043c8f1c52b9,92fc7c5c-63ad-43a8-aa2a-0d3df8d67161,79,13,82,584,9.6ms,141ms,87ms,73ms
7980,q-conv-clustered,b,ab7c56b6-9c1e-4dc5-8f25-0eb5644ae210,428c36cc-2726-4136-8da4-7ba14f284d6d,59,6,82,585,11ms,86ms,43ms,55ms
7990,q-conv-clustered,b,11eaa9c3-4b8f-45e3-b426-78c6d8e7e252,d99771a8-0c3b-429a-aefc-7d21776b0c89,150,10,80,583,9.1ms,252ms,149ms,144ms
8000,q-conv-clustered,b,11eaa9c3-4b8f-45e3-b426-78c6d8e7e252,513d9550-4c41-4c6d-a483-ef3bf5be7a6b,105,21,80,583,7.9ms,265ms,122ms,102ms
8010,q-conv-clustered,b,c44dc1fc-8f74-43dd-9566-d8b2be710def,010bc7c2-09d0-4fc8-abd4-7b4e6adfbc8c,56,17,80,583,33ms,138ms,40ms,52ms
8020,q-conv-clustered,b,34d23bae-68b6-4c1a-b15c-043c8f1c52b9,e0368a69-9c84-4754-8f50-a1656f662b0c,44,11,82,584,10ms,133ms,56ms,39ms
8030,q-conv-clustered,b,a89d72ec-512f-4655-8c37-b30e5c5e8ec2,1bd767d0-b85a-4f50-b379-c821e8aeaff1,126,9,82,585,9.9ms,210ms,43ms,122ms
8040,q-conv-clustered,b,ab7c56b6-9c1e-4dc5-8f25-0eb5644ae210,1f1be87a-06fe-45e3-bb13-26b8a408cec2,140,15,82,585,10ms,344ms,74ms,136ms
8060,q-conv-clustered,b,c44dc1fc-8f74-43dd-9566-d8b2be710def,1c0c3dd2-2be2-45f9-844b-2c23d84711f1,56,11,80,583,11ms,159ms,43ms,52ms
8050,q-conv-clustered,b,d0e931bf-8378-4377-b448-32cdcd142fca,bf9c46db-3cc8-4227-8a49-f1a8b5d5b773,188,16,80,582,9.0ms,571ms,98ms,183ms
8070,q-conv-clustered,b,c44dc1fc-8f74-43dd-9566-d8b2be710def,2d78bca5-7ac7-4c19-809f-c29f2de77e3a,120,17,80,583,10ms,163ms,70ms,115ms
8080,q-conv-clustered,b,68b4d330-7ca0-476a-b224-b26bc3176700,22e121b2-87c0-409b-a37f-ac27019e8d95,144,13,80,583,8.6ms,370ms,46ms,140ms
8090,q-conv-clustered,b,d0e931bf-8378-4377-b448-32cdcd142fca,72f02dd4-5839-4800-8130-d1b2b3c0fc66,118,14,80,582,9.8ms,288ms,66ms,113ms
8100,q-conv-clustered,b,11eaa9c3-4b8f-45e3-b426-78c6d8e7e252,31f6da70-a559-4143-ba9d-491b4b6b936b,126,9,80,583,9.5ms,266ms,13ms,123ms
8110,q-conv-clustered,b,11eaa9c3-4b8f-45e3-b426-78c6d8e7e252,045f099b-e336-42dc-a8b6-a83e6ce9a1a5,154,8,80,583,8.3ms,421ms,39ms,149ms
8120,q-conv-clustered,b,eee42173-a8dc-4a3f-be3d-79f44dada5b3,abf79954-8159-4d38-9582-90c3be750997,46,16,80,583,11ms,101ms,29ms,42ms
8130,q-conv-clustered,b,a89d72ec-512f-4655-8c37-b30e5c5e8ec2,77f3ec32-a8ea-4959-bbec-c8d48c1f24e6,183,10,82,585,8.8ms,303ms,83ms,178ms
8140,q-conv-clustered,b,eee42173-a8dc-4a3f-be3d-79f44dada5b3,03f7e6dd-2419-43ab-9ead-5b851d5abd58,96,15,80,583,65ms,340ms,66ms,91ms
8150,q-conv-clustered,b,a89d72ec-512f-4655-8c37-b30e5c5e8ec2,b4801595-2935-4d9c-b8c0-9cb04c408925,128,15,82,585,9.0ms,221ms,54ms,124ms
8160,q-conv-clustered,b,34d23bae-68b6-4c1a-b15c-043c8f1c52b9,c7ab670a-830f-4925-8705-76a600ae11ac,191,8,82,584,10ms,260ms,142ms,186ms
8170,q-conv-clustered,b,d0e931bf-8378-4377-b448-32cdcd142fca,824409a5-9e71-4457-8182-793083c67095,160,12,80,582,8.7ms,229ms,150ms,155ms
8180,q-conv-clustered,b,11eaa9c3-4b8f-45e3-b426-78c6d8e7e252,aac66aa0-b1dd-419a-a5ce-8b5c4f08e1fc,76,11,80,583,13ms,227ms,108ms,71ms
8190,q-conv-clustered,b,93d95799-3257-409f-9a1f-c4e6b1acbac7,908dce6d-65c1-4d28-a66d-f87d36e03610,188,10,80,582,9.9ms,440ms,76ms,183ms
8200,q-conv-clustered,b,a89d72ec-512f-4655-8c37-b30e5c5e8ec2,be8ab9f0-fcde-4968-a7bd-030f9937baff,56,7,82,585,11ms,187ms,12ms,52ms
8210,q-conv-clustered,b,ab7c56b6-9c1e-4dc5-8f25-0eb5644ae210,3adc0adf-8a54-44a3-94fd-28b2ee21226d,33,15,82,585,11ms,43ms,19ms,28ms
8220,q-conv-clustered,b,11eaa9c3-4b8f-45e3-b426-78c6d8e7e252,bf9a38e1-5ebf-4394-9280-0211ad1a3af0,39,11,80,583,9.4ms,48ms,23ms,35ms
8230,q-conv-clustered,b,eee42173-a8dc-4a3f-be3d-79f44dada5b3,33abd80b-ac22-46b8-acde-03171f75db1c,43,14,80,583,15ms,131ms,10ms,39ms
8240,q-conv-clustered,b,34d23bae-68b6-4c1a-b15c-043c8f1c52b9,3dcf2711-a0ad-495f-81d8-21467c170657,115,12,82,584,9.1ms,300ms,98ms,110ms
8250,q-conv-clustered,b,93d95799-3257-409f-9a1f-c4e6b1acbac7,86f52b58-89d8-48c4-8d18-04070bed2f5f,176,12,80,582,51ms,599ms,90ms,172ms
8270,q-conv-clustered,b,11eaa9c3-4b8f-45e3-b426-78c6d8e7e252,e9064efc-3f65-40c2-bb34-7bdd12323521,64,12,80,583,10ms,112ms,20ms,60ms
8260,q-conv-clustered,b,34d23bae-68b6-4c1a-b15c-043c8f1c52b9,fa64f6cd-cc2f-4666-a087-78449ae38e89,225,10,82,584,13ms,807ms,194ms,220ms
8280,q-conv-clustered,b,11eaa9c3-4b8f-45e3-b426-78c6d8e7e252,20fdbe30-59ec-40d7-8090-6005606dde35,60,8,80,583,8.9ms,162ms,38ms,56ms
8290,q-conv-clustered,b,68b4d330-7ca0-476a-b224-b26bc3176700,f1b61ddf-d35d-4593-aec5-0a6b9f7317b4,220,9,80,583,9.9ms,526ms,83ms,217ms
8310,q-conv-clustered,b,eee42173-a8dc-4a3f-be3d-79f44dada5b3,3695f69f-b5f5-4ce6-bb3d-1fd88da8e947,58,18,80,583,56ms,194ms,17ms,54ms
8300,q-conv-clustered,b,c8b9a016-520f-4f67-a382-3a944aa907fb,5c5724f9-46db-414a-bfd7-f27da380d684,184,9,80,583,10ms,434ms,151ms,179ms
8320,q-conv-clustered,b,68b4d330-7ca0-476a-b224-b26bc3176700,3d23cd7a-e19a-4332-a0e6-ae541dc5632e,124,16,80,583,31ms,288ms,113ms,119ms
8340,q-conv-clustered,b,c8b9a016-520f-4f67-a382-3a944aa907fb,2ff032ef-4cbf-44e2-9dcc-89f6f23cbb19,126,9,80,583,8.6ms,379ms,65ms,122ms
8330,q-conv-clustered,b,c8b9a016-520f-4f67-a382-3a944aa907fb,36aca61e-eb0d-442b-9a72-9ae4ecde3cfa,298,13,80,583,10ms,810ms,165ms,294ms
8350,q-conv-clustered,b,d0e931bf-8378-4377-b448-32cdcd142fca,c66da168-2ae6-4466-98c4-9ed35ea93fbb,54,13,80,582,8.6ms,152ms,24ms,50ms
8360,q-conv-clustered,b,34d23bae-68b6-4c1a-b15c-043c8f1c52b9,9af15adb-efc2-42f7-b001-e5936af0bf48,169,14,82,584,9.6ms,334ms,47ms,163ms
8370,q-conv-clustered,b,c44dc1fc-8f74-43dd-9566-d8b2be710def,d747f907-6905-4a4e-88b0-c3641ff73a63,118,12,80,583,11ms,272ms,129ms,113ms
8380,q-conv-clustered,b,c8b9a016-520f-4f67-a382-3a944aa907fb,6af55891-db12-4e9d-9413-5ad1fee60240,182,8,80,583,8.9ms,210ms,131ms,177ms
8390,q-conv-clustered,b,c44dc1fc-8f74-43dd-9566-d8b2be710def,972074df-2b56-40fb-b05d-291d677d5dc2,204,10,80,583,11ms,504ms,156ms,201ms
8400,q-conv-clustered,b,c44dc1fc-8f74-43dd-9566-d8b2be710def,596d701d-c2cc-4fe1-8fd6-bbf2d6bbcbef,136,14,80,583,13ms,299ms,61ms,128ms
8410,q-conv-clustered,b,c44dc1fc-8f74-43dd-9566-d8b2be710def,5736a483-1858-40c8-bdc8-9935aafe3db6,123,12,80,583,10ms,193ms,82ms,116ms
8420,q-conv-clustered,b,a89d72ec-512f-4655-8c37-b30e5c5e8ec2,21d1924a-9f17-4b90-9f61-565c3eb0c416,55,13,82,585,9.7ms,68ms,37ms,52ms
8430,q-conv-clustered,b,68b4d330-7ca0-476a-b224-b26bc3176700,f12c2ef3-308c-4165-8d82-86fcbcaea80f,184,10,80,583,9.6ms,437ms,96ms,180ms
8440,q-conv-clustered,b,34d23bae-68b6-4c1a-b15c-043c8f1c52b9,1c31b859-3419-47c8-b4aa-2428e89b9c71,118,15,82,584,8.5ms,210ms,141ms,109ms
8450,q-conv-clustered,b,34d23bae-68b6-4c1a-b15c-043c8f1c52b9,373436a2-2dea-4bda-a0b6-083917823e9b,99,11,82,584,9.1ms,144ms,50ms,95ms
8460,q-conv-clustered,b,c44dc1fc-8f74-43dd-9566-d8b2be710def,d20da6b0-d1a3-43c5-a69b-45bab496e30a,49,12,80,583,11ms,55ms,18ms,45ms
8480,q-conv-clustered,b,a89d72ec-512f-4655-8c37-b30e5c5e8ec2,1c4bf97d-5864-4a98-ac3a-a0ddb07159a0,38,10,82,585,11ms,112ms,35ms,34ms
8470,q-conv-clustered,b,c8b9a016-520f-4f67-a382-3a944aa907fb,733c579b-5d6f-4978-b916-f6434a2aa1d8,271,12,80,583,10.0ms,816ms,126ms,265ms
8490,q-conv-clustered,b,68b4d330-7ca0-476a-b224-b26bc3176700,64e98f80-e74a-4699-bc1b-c02498f24fa4,106,19,80,583,9.9ms,238ms,63ms,98ms
8500,q-conv-clustered,b,93d95799-3257-409f-9a1f-c4e6b1acbac7,35597e72-e88c-4c81-bc12-e7a0c94b99d2,210,8,80,582,9.8ms,399ms,90ms,205ms
8510,q-conv-clustered,b,ab7c56b6-9c1e-4dc5-8f25-0eb5644ae210,08062c3e-1473-49d5-87a4-0f170fa22329,56,13,82,585,13ms,146ms,42ms,52ms
8520,q-conv-clustered,b,c8b9a016-520f-4f67-a382-3a944aa907fb,4349d4d3-92d9-4e56-96a3-81a155ea5572,149,12,80,583,9.9ms,473ms,152ms,142ms
8530,q-conv-clustered,b,ab7c56b6-9c1e-4dc5-8f25-0eb5644ae210,b6c5601c-8a6c-4d56-a335-40cb55f020d7,123,12,82,585,12ms,279ms,116ms,118ms
8540,q-conv-clustered,b,eee42173-a8dc-4a3f-be3d-79f44dada5b3,10eda8e0-8150-45da-88a6-7703184bdfe3,42,12,80,583,12ms,63ms,14ms,36ms
8550,q-conv-clustered,b,ab7c56b6-9c1e-4dc5-8f25-0eb5644ae210,56a58058-ef76-4393-a284-cfb9b4214fe1,77,12,82,585,11ms,141ms,21ms,72ms
8560,q-conv-clustered,b,34d23bae-68b6-4c1a-b15c-043c8f1c52b9,5c6186ba-75e7-4eee-a38f-a89a7fee2e20,138,9,82,584,9.2ms,121ms,26ms,134ms
8570,q-conv-clustered,b,34d23bae-68b6-4c1a-b15c-043c8f1c52b9,d94998b8-ad70-4a78-af0b-312cf642a994,193,11,82,584,11ms,589ms,156ms,189ms
8580,q-conv-clustered,b,11eaa9c3-4b8f-45e3-b426-78c6d8e7e252,9e9fea55-f2e7-493d-9e0a-22e48095c8b1,77,14,80,583,9.8ms,265ms,19ms,72ms
8590,q-conv-clustered,b,11eaa9c3-4b8f-45e3-b426-78c6d8e7e252,c8c17cbe-947d-4ed9-aa45-99be6284e500,83,10,80,583,19ms,195ms,39ms,78ms
8600,q-conv-clustered,b,a89d72ec-512f-4655-8c37-b30e5c5e8ec2,944a4fe2-aef2-4960-91b0-258245fa6a60,74,12,82,585,10ms,124ms,42ms,70ms
8610,q-conv-clustered,b,11eaa9c3-4b8f-45e3-b426-78c6d8e7e252,8ee86b60-ff36-4e4f-ad68-a33c2380c85c,79,12,80,583,9.9ms,160ms,94ms,75ms
8620,q-conv-clustered,b,68b4d330-7ca0-476a-b224-b26bc3176700,451afbda-3fb2-4f7b-9f2b-820b5a3179d1,68,9,80,583,9.6ms,178ms,67ms,61ms
8630,q-conv-clustered,b,a89d72ec-512f-4655-8c37-b30e5c5e8ec2,ec4d569c-9d4b-4286-96e5-4f2bfaa819b7,171,5,82,585,9.7ms,156ms,21ms,167ms
8640,q-conv-clustered,b,11eaa9c3-4b8f-45e3-b426-78c6d8e7e252,1a3c7371-3b5d-4d2f-be54-deefe468ad9e,162,7,80,583,9.7ms,459ms,90ms,157ms
8650,q-conv-clustered,b,93d95799-3257-409f-9a1f-c4e6b1acbac7,8f10a386-b0ec-43fc-8e94-2fe941848c6f,139,15,80,582,10.0ms,334ms,98ms,133ms
8660,q-conv-clustered,b,11eaa9c3-4b8f-45e3-b426-78c6d8e7e252,c4d52a83-129e-43cb-bfba-768e7b6f5c0d,107,10,80,583,9.8ms,293ms,72ms,102ms
8670,q-conv-clustered,b,34d23bae-68b6-4c1a-b15c-043c8f1c52b9,d2862ef9-faa0-4a2f-972b-ce9bc5ade062,190,6,82,584,12ms,333ms,111ms,185ms
8680,q-conv-clustered,b,68b4d330-7ca0-476a-b224-b26bc3176700,bcd3bf27-3b2d-40f9-a5b3-e50e99605a29,230,17,80,583,12ms,564ms,106ms,226ms
8690,q-conv-clustered,b,eee42173-a8dc-4a3f-be3d-79f44dada5b3,24cbe385-6be3-4917-8174-348465bfd701,52,11,80,583,8.7ms,159ms,20ms,48ms
8700,q-conv-clustered,b,68b4d330-7ca0-476a-b224-b26bc3176700,b34c8d27-bbac-4b5f-b066-19fa032a94dd,128,14,80,583,12ms,388ms,73ms,124ms
8710,q-conv-clustered,b,a89d72ec-512f-4655-8c37-b30e5c5e8ec2,2a6de173-49b9-43ec-8122-5c14ab4fbd67,58,13,82,585,10ms,110ms,30ms,54ms
8720,q-conv-clustered,b,d0e931bf-8378-4377-b448-32cdcd142fca,2dfa84c8-63e1-41c5-bc99-83861163074e,167,11,80,582,9.5ms,485ms,75ms,161ms
8730,q-conv-clustered,b,34d23bae-68b6-4c1a-b15c-043c8f1c52b9,18e88d60-e95c-4847-8323-de7b5bcb531b,182,11,82,584,11ms,442ms,64ms,177ms
8750,q-conv-clustered,b,ab7c56b6-9c1e-4dc5-8f25-0eb5644ae210,d97198f9-ede3-4b95-8011-b7f5d9602f0c,59,8,82,585,9.7ms,135ms,37ms,55ms
8740,q-conv-clustered,b,34d23bae-68b6-4c1a-b15c-043c8f1c52b9,2ba4dae5-06b7-40f9-9f56-133ef4f2c9db,213,9,82,584,23ms,430ms,113ms,209ms
8760,q-conv-clustered,b,93d95799-3257-409f-9a1f-c4e6b1acbac7,f534b850-b1a8-4de3-9949-47e5ac7dffb5,138,7,80,582,9.2ms,390ms,67ms,133ms
8770,q-conv-clustered,b,c44dc1fc-8f74-43dd-9566-d8b2be710def,d58376ea-69df-4e79-ba17-493daf943fd7,148,14,80,583,11ms,179ms,39ms,144ms
8780,q-conv-clustered,b,68b4d330-7ca0-476a-b224-b26bc3176700,798f553f-86fc-4a03-9c2b-1957e5a44c68,117,14,80,583,9.1ms,200ms,102ms,113ms
8790,q-conv-clustered,b,d0e931bf-8378-4377-b448-32cdcd142fca,e69bfa78-ce23-4d28-a6b1-8e86402a74fe,124,13,80,582,9.5ms,175ms,88ms,119ms
8800,q-conv-clustered,b,34d23bae-68b6-4c1a-b15c-043c8f1c52b9,606994cf-5e39-41bc-8b76-42fceb1fd633,34,8,82,584,10ms,56ms,24ms,30ms
8810,q-conv-clustered,b,11eaa9c3-4b8f-45e3-b426-78c6d8e7e252,68d1fc34-5b37-4f9c-9cfa-dad1742b26e5,71,13,80,583,9.6ms,80ms,24ms,63ms
8820,q-conv-clustered,b,c8b9a016-520f-4f67-a382-3a944aa907fb,ffe0390c-8ed5-40be-8c7e-6b31339e523d,154,9,80,583,10ms,303ms,85ms,150ms
8830,q-conv-clustered,b,a89d72ec-512f-4655-8c37-b30e5c5e8ec2,acbcbb3c-5e52-41fc-831c-80a9afa03b95,90,11,82,585,11ms,253ms,52ms,86ms
8840,q-conv-clustered,b,c8b9a016-520f-4f67-a382-3a944aa907fb,2957050c-9f43-4ecb-8bc9-42b1629e47bd,126,11,80,583,23ms,322ms,44ms,122ms
8850,q-conv-clustered,b,eee42173-a8dc-4a3f-be3d-79f44dada5b3,00ceebc6-6233-40b5-8e55-80228e9b6be4,69,9,80,583,10ms,193ms,84ms,65ms
8860,q-conv-clustered,b,68b4d330-7ca0-476a-b224-b26bc3176700,8d7325ff-1653-4994-b721-03e53a52261a,93,19,80,583,9.2ms,217ms,99ms,89ms
8870,q-conv-clustered,b,68b4d330-7ca0-476a-b224-b26bc3176700,1bbaaf14-55a5-42fb-be24-d97b659e766f,58,13,80,583,10ms,126ms,36ms,54ms
8880,q-conv-clustered,b,11eaa9c3-4b8f-45e3-b426-78c6d8e7e252,bdc6de91-1417-474c-bb0c-53b346ca8d22,105,10,80,583,9.7ms,356ms,121ms,99ms
8890,q-conv-clustered,b,eee42173-a8dc-4a3f-be3d-79f44dada5b3,071cfc9d-5ec9-4ebe-80cd-803dc7d17ca0,122,5,80,583,52ms,368ms,141ms,117ms
8900,q-conv-clustered,b,d0e931bf-8378-4377-b448-32cdcd142fca,e7b546ab-915a-4155-91ba-02d4f60f447f,112,12,80,582,13ms,155ms,27ms,108ms
8910,q-conv-clustered,b,d0e931bf-8378-4377-b448-32cdcd142fca,5547a509-fe25-4aff-8d43-41a71804e4ae,61,12,80,582,10ms,113ms,15ms,56ms
8920,q-conv-clustered,b,eee42173-a8dc-4a3f-be3d-79f44dada5b3,c680a2d3-d6c7-40dc-8934-50f10fb4f222,77,7,80,583,9.9ms,179ms,49ms,73ms
8930,q-conv-clustered,b,d0e931bf-8378-4377-b448-32cdcd142fca,de9ba1cf-5a0f-4f1f-bf55-b8dd61ce1912,86,9,80,582,8.5ms,177ms,97ms,82ms
8940,q-conv-clustered,b,11eaa9c3-4b8f-45e3-b426-78c6d8e7e252,0b2c582e-cf97-4dcd-a754-503b6c780815,33,11,80,583,9.2ms,64ms,21ms,29ms
8950,q-conv-clustered,b,93d95799-3257-409f-9a1f-c4e6b1acbac7,a87e7676-52fd-4699-a74d-6c758f331a03,139,11,80,582,8.8ms,283ms,56ms,135ms
8960,q-conv-clustered,b,93d95799-3257-409f-9a1f-c4e6b1acbac7,e6091465-ba78-4ef3-bf54-705c195d6439,106,14,80,582,8.9ms,170ms,20ms,102ms
8970,q-conv-clustered,b,a89d72ec-512f-4655-8c37-b30e5c5e8ec2,0ee81e53-62c2-4149-b6e6-c91b780ed748,55,14,82,585,9.8ms,134ms,34ms,51ms
8980,q-conv-clustered,b,d0e931bf-8378-4377-b448-32cdcd142fca,4ff9a375-46d9-4c0f-904e-3088dfb793fd,103,10,80,582,9.5ms,173ms,68ms,99ms
8990,q-conv-clustered,b,c8b9a016-520f-4f67-a382-3a944aa907fb,b7ce6ff6-c038-4485-961f-8d62e1d1e294,63,12,80,583,8.7ms,108ms,38ms,60ms
9000,q-conv-clustered,b,c8b9a016-520f-4f67-a382-3a944aa907fb,86461aae-d0b9-4f51-8908-90bdcf4e8a13,45,15,80,583,9.4ms,86ms,56ms,41ms
9010,q-conv-clustered,b,34d23bae-68b6-4c1a-b15c-043c8f1c52b9,90b9d836-486f-482c-91ec-19c3c155c1f5,43,14,82,584,11ms,77ms,19ms,39ms
9020,q-conv-clustered,b,34d23bae-68b6-4c1a-b15c-043c8f1c52b9,7a543136-0409-4396-8bfa-909931aea1af,36,13,82,584,11ms,49ms,17ms,32ms
9030,q-conv-clustered,b,ab7c56b6-9c1e-4dc5-8f25-0eb5644ae210,c93af05b-80f4-43d9-a7ab-cf102e913f4b,146,12,82,585,9.9ms,355ms,113ms,141ms
9040,q-conv-clustered,b,c8b9a016-520f-4f67-a382-3a944aa907fb,816615aa-b791-4d69-ad1b-e21cec7df7b6,96,13,80,583,9.7ms,144ms,66ms,92ms
9050,q-conv-clustered,b,eee42173-a8dc-4a3f-be3d-79f44dada5b3,a6851894-2ad5-4049-af78-fd8ac9fde51e,132,15,80,583,12ms,419ms,48ms,126ms
9060,q-conv-clustered,b,68b4d330-7ca0-476a-b224-b26bc3176700,7d2e5535-d0e3-4523-a70d-6e889a233bbd,154,12,80,583,10ms,433ms,123ms,150ms
9070,q-conv-clustered,b,d0e931bf-8378-4377-b448-32cdcd142fca,2e788d73-eb84-4983-960d-0739f8758a4a,112,11,80,582,11ms,127ms,49ms,106ms
9080,q-conv-clustered,b,34d23bae-68b6-4c1a-b15c-043c8f1c52b9,83d54b6f-fdbc-4376-a4bf-d509a76a9e66,228,11,82,584,9.3ms,655ms,128ms,224ms
9090,q-conv-clustered,b,34d23bae-68b6-4c1a-b15c-043c8f1c52b9,31088963-914b-4fb5-a35f-8a3692570355,66,11,82,584,9.3ms,173ms,101ms,63ms
9100,q-conv-clustered,b,c44dc1fc-8f74-43dd-9566-d8b2be710def,3dfadb9e-be2a-4881-a04d-94965db74f08,69,6,80,583,11ms,168ms,34ms,64ms
9110,q-conv-clustered,b,68b4d330-7ca0-476a-b224-b26bc3176700,954e467c-6cc4-40e5-a6d4-09a6b39a4fda,64,14,80,583,9.2ms,132ms,82ms,60ms
9120,q-conv-clustered,b,a89d72ec-512f-4655-8c37-b30e5c5e8ec2,3c153b30-5135-47a3-a4dc-649e58c95fae,208,11,82,585,10ms,353ms,122ms,205ms
9130,q-conv-clustered,b,a89d72ec-512f-4655-8c37-b30e5c5e8ec2,7639cdc4-a91f-4a80-ba0a-cc3d8c3301f9,126,21,82,585,8.4ms,188ms,66ms,121ms
9140,q-conv-clustered,b,93d95799-3257-409f-9a1f-c4e6b1acbac7,3c5a4018-194e-46b4-b572-f8ee8928b8f6,36,14,80,582,16ms,63ms,14ms,30ms
9150,q-conv-clustered,b,34d23bae-68b6-4c1a-b15c-043c8f1c52b9,f08d2258-4935-4350-9968-a69069e584c8,97,11,82,584,9.4ms,246ms,50ms,93ms
9160,q-conv-clustered,b,11eaa9c3-4b8f-45e3-b426-78c6d8e7e252,5dd9e257-aca0-4d17-aab6-5223376fb074,75,17,80,583,9.2ms,172ms,47ms,71ms
9170,q-conv-clustered,b,ab7c56b6-9c1e-4dc5-8f25-0eb5644ae210,65caa46d-6afb-4ad8-b3ba-40631670e40e,117,11,82,585,11ms,208ms,41ms,111ms
9180,q-conv-clustered,b,93d95799-3257-409f-9a1f-c4e6b1acbac7,6ef82304-47f1-4be4-b812-fe5256eadd56,140,17,80,582,10ms,313ms,44ms,136ms
9190,q-conv-clustered,b,d0e931bf-8378-4377-b448-32cdcd142fca,f6b0ea42-cd23-4486-9cfe-7bc76a4e9185,179,18,80,582,8.8ms,421ms,73ms,175ms
9200,q-conv-clustered,b,ab7c56b6-9c1e-4dc5-8f25-0eb5644ae210,f7c30ea4-6b03-4e40-8f3d-8bf178fe8555,170,11,82,585,12ms,316ms,102ms,167ms
9210,q-conv-clustered,b,ab7c56b6-9c1e-4dc5-8f25-0eb5644ae210,f112fbb0-48b7-4e7c-91e3-b210a0f149a0,92,15,82,585,20ms,207ms,37ms,86ms
9220,q-conv-clustered,b,a89d72ec-512f-4655-8c37-b30e5c5e8ec2,e045a26d-1ced-42d7-8249-a9ac620c0bc1,73,15,82,585,12ms,182ms,44ms,67ms
9230,q-conv-clustered,b,eee42173-a8dc-4a3f-be3d-79f44dada5b3,82695f1f-8d40-4cab-855f-82bf0736dda0,68,15,80,583,14ms,125ms,39ms,64ms
9240,q-conv-clustered,b,ab7c56b6-9c1e-4dc5-8f25-0eb5644ae210,d2b35d74-7230-4d90-9a90-a7128823fa66,171,14,82,585,9.6ms,425ms,32ms,167ms
9250,q-conv-clustered,b,c8b9a016-520f-4f67-a382-3a944aa907fb,c1476b83-b5b5-4199-8291-d248c3d6b9cb,64,15,80,583,9.1ms,99ms,44ms,59ms
9260,q-conv-clustered,b,ab7c56b6-9c1e-4dc5-8f25-0eb5644ae210,0242dbd6-48ae-4eaa-b949-d5d2fb0b0e04,46,8,82,585,9.6ms,123ms,44ms,42ms
9270,q-conv-clustered,b,68b4d330-7ca0-476a-b224-b26bc3176700,6b0ba00e-e6ef-4d0e-bc21-e2f2572a42fc,62,14,80,583,8.9ms,150ms,43ms,56ms
9280,q-conv-clustered,b,eee42173-a8dc-4a3f-be3d-79f44dada5b3,b130d93b-5144-4bda-9d2e-54842c1e8dbf,55,12,80,583,11ms,161ms,69ms,51ms
9290,q-conv-clustered,b,c44dc1fc-8f74-43dd-9566-d8b2be710def,2d53c664-e8ca-4edc-bb01-d89816521efc,30,12,80,583,13ms,47ms,18ms,25ms
9300,q-conv-clustered,b,c44dc1fc-8f74-43dd-9566-d8b2be710def,d1d9bc44-3503-421c-a702-69cd76dbd589,37,20,80,583,11ms,74ms,47ms,33ms
9310,q-conv-clustered,b,c44dc1fc-8f74-43dd-9566-d8b2be710def,009a9592-7447-4de8-9cd5-46ff1c4fd36d,67,10,80,583,11ms,120ms,41ms,62ms
9320,q-conv-clustered,b,ab7c56b6-9c1e-4dc5-8f25-0eb5644ae210,7fe6d563-9035-46c9-87bc-a1a4f85a74c7,141,11,82,585,11ms,358ms,64ms,137ms
9340,q-conv-clustered,b,c8b9a016-520f-4f67-a382-3a944aa907fb,dd1e2039-1a28-412c-bbf5-4d6026eb6d59,55,9,80,583,9.8ms,69ms,44ms,51ms
9330,q-conv-clustered,b,11eaa9c3-4b8f-45e3-b426-78c6d8e7e252,827a17c5-e341-40c7-93ce-baf011b4ad35,216,13,80,583,10.0ms,571ms,102ms,212ms
9350,q-conv-clustered,b,c8b9a016-520f-4f67-a382-3a944aa907fb,c8731800-c40b-4402-aab1-373e22c22f3e,80,7,80,583,9.5ms,210ms,66ms,77ms
9370,q-conv-clustered,b,d0e931bf-8378-4377-b448-32cdcd142fca,73a450cd-f04a-4d4f-89c4-6e243a603ee9,62,7,80,582,8.1ms,89ms,22ms,56ms
9360,q-conv-clustered,b,c8b9a016-520f-4f67-a382-3a944aa907fb,8af72447-9293-451e-b76f-ce793d98ea3e,216,13,80,583,9.4ms,441ms,129ms,214ms
9380,q-conv-clustered,b,93d95799-3257-409f-9a1f-c4e6b1acbac7,d8a20edc-56f7-49e6-ba92-13cd22301d11,288,10,80,582,9.9ms,803ms,260ms,284ms
9390,q-conv-clustered,b,c8b9a016-520f-4f67-a382-3a944aa907fb,6bfd7ee7-a8a3-4951-8c99-1569e7646b8e,145,14,80,583,13ms,403ms,25ms,141ms
9400,q-conv-clustered,b,c8b9a016-520f-4f67-a382-3a944aa907fb,eca83fb0-9043-46ea-9ab5-34f4361d0b44,124,9,80,583,13ms,284ms,177ms,112ms
9410,q-conv-clustered,b,11eaa9c3-4b8f-45e3-b426-78c6d8e7e252,47c18785-1413-44c6-b731-5cab70f0db2e,116,10,80,583,9.1ms,290ms,55ms,112ms
9420,q-conv-clustered,b,c8b9a016-520f-4f67-a382-3a944aa907fb,b33f1bc9-4003-458e-a481-f0b757beeb7e,88,18,80,583,11ms,287ms,82ms,84ms
9430,q-conv-clustered,b,d0e931bf-8378-4377-b448-32cdcd142fca,f3eff6b7-5483-4460-9611-fb4765fe0df0,40,12,80,582,9.7ms,126ms,53ms,36ms
9440,q-conv-clustered,b,a89d72ec-512f-4655-8c37-b30e5c5e8ec2,59b09832-a231-4eb4-80b1-9e15d9010627,65,13,82,585,10ms,176ms,18ms,61ms
9450,q-conv-clustered,b,c8b9a016-520f-4f67-a382-3a944aa907fb,76b02b2f-e071-4d89-b1a0-87598710ac76,153,11,80,583,9.2ms,505ms,48ms,150ms
9460,q-conv-clustered,b,93d95799-3257-409f-9a1f-c4e6b1acbac7,bcdd7e12-667f-4861-a937-8f0115eaf113,156,11,80,582,29ms,444ms,63ms,152ms
9470,q-conv-clustered,b,68b4d330-7ca0-476a-b224-b26bc3176700,2a139cff-ddea-4cf9-bf1e-1fcc150d8333,134,12,80,583,11ms,373ms,93ms,130ms
9480,q-conv-clustered,b,11eaa9c3-4b8f-45e3-b426-78c6d8e7e252,221281ee-0daa-4d7c-92bf-7ac4b0adfb2a,109,15,80,583,9.1ms,272ms,67ms,105ms
9490,q-conv-clustered,b,ab7c56b6-9c1e-4dc5-8f25-0eb5644ae210,27e6242e-2ed8-4368-a29e-c1ac0578e582,98,14,82,585,10ms,323ms,32ms,93ms
9500,q-conv-clustered,b,a89d72ec-512f-4655-8c37-b30e5c5e8ec2,6d16c1a2-6a6a-409d-93cb-b5a1bedd7403,78,9,82,585,8.6ms,104ms,29ms,73ms
9520,q-conv-clustered,b,eee42173-a8dc-4a3f-be3d-79f44dada5b3,09ce1639-6d4f-4c5d-a81f-a075e1d1b64c,38,16,80,583,11ms,53ms,15ms,35ms
9510,q-conv-clustered,b,a89d72ec-512f-4655-8c37-b30e5c5e8ec2,2ea13e36-a615-44e4-a2a9-d2044c08ec32,167,17,82,585,9.1ms,392ms,52ms,162ms
9530,q-conv-clustered,b,c44dc1fc-8f74-43dd-9566-d8b2be710def,f33d70e7-a950-4ecf-a91c-5e869a212e61,140,15,80,583,12ms,350ms,22ms,136ms
9540,q-conv-clustered,b,c8b9a016-520f-4f67-a382-3a944aa907fb,b15139c2-2254-4a15-806e-84c4b13fbd06,95,11,80,583,9.5ms,168ms,61ms,91ms
9550,q-conv-clustered,b,d0e931bf-8378-4377-b448-32cdcd142fca,79e63f49-a22f-42b9-9766-6b6b2e805422,84,13,80,582,11ms,137ms,34ms,79ms
9560,q-conv-clustered,b,11eaa9c3-4b8f-45e3-b426-78c6d8e7e252,66e21dad-7176-406d-abf1-eae00d13f74d,91,9,80,583,9.9ms,276ms,48ms,87ms
9570,q-conv-clustered,b,a89d72ec-512f-4655-8c37-b30e5c5e8ec2,4fab3fa1-c952-469d-8623-fd3ec988c29f,133,12,82,585,9.8ms,320ms,60ms,129ms
9580,q-conv-clustered,b,ab7c56b6-9c1e-4dc5-8f25-0eb5644ae210,5f80e589-c54c-4b30-9bac-e050442c05d9,103,16,82,585,9.0ms,195ms,57ms,99ms
9590,q-conv-clustered,b,c44dc1fc-8f74-43dd-9566-d8b2be710def,ac115ddd-2bd3-43f4-a575-6a14496437c9,81,12,80,583,11ms,215ms,44ms,79ms
9600,q-conv-clustered,b,34d23bae-68b6-4c1a-b15c-043c8f1c52b9,4a94c9a5-0eec-48f2-ad9b-4484270f8d21,129,13,82,584,29ms,207ms,60ms,126ms
9610,q-conv-clustered,b,ab7c56b6-9c1e-4dc5-8f25-0eb5644ae210,8a537431-1408-4f0d-a7d1-09392d827d08,65,20,82,585,12ms,217ms,32ms,62ms
9620,q-conv-clustered,b,c44dc1fc-8f74-43dd-9566-d8b2be710def,a5778b43-7516-4a76-b51c-6bd3906be090,110,7,80,583,12ms,201ms,56ms,105ms
9630,q-conv-clustered,b,34d23bae-68b6-4c1a-b15c-043c8f1c52b9,09b6b9a7-5eef-40ad-91f5-40d85843f97f,68,8,82,584,9.4ms,47ms,25ms,64ms
9640,q-conv-clustered,b,c44dc1fc-8f74-43dd-9566-d8b2be710def,37ed62b4-b89f-4568-aced-49f35b002b47,151,5,80,583,13ms,352ms,62ms,146ms
9650,q-conv-clustered,b,d0e931bf-8378-4377-b448-32cdcd142fca,4b36474e-ded5-4897-b46f-b2ac7f59f5e2,88,14,80,582,11ms,137ms,27ms,82ms
9660,q-conv-clustered,b,68b4d330-7ca0-476a-b224-b26bc3176700,37e2a856-cf05-4719-af32-9f3818d0376e,111,16,80,583,11ms,263ms,38ms,105ms
9670,q-conv-clustered,b,a89d72ec-512f-4655-8c37-b30e5c5e8ec2,25ce6656-ad3f-4529-8ed0-eaa8ab1e8cfe,60,13,82,585,11ms,70ms,34ms,55ms
9680,q-conv-clustered,b,eee42173-a8dc-4a3f-be3d-79f44dada5b3,a421423e-7fe1-49d7-b2b3-73211692311f,61,4,80,583,11ms,115ms,34ms,56ms
9690,q-conv-clustered,b,ab7c56b6-9c1e-4dc5-8f25-0eb5644ae210,db5078b4-0d94-432e-925b-a8f0090bd044,64,4,82,585,10ms,141ms,40ms,57ms
9710,q-conv-clustered,b,ab7c56b6-9c1e-4dc5-8f25-0eb5644ae210,a7a6e123-636a-4604-a053-0a7e87f5eb5d,35,14,82,585,12ms,47ms,25ms,32ms
9700,q-conv-clustered,b,c44dc1fc-8f74-43dd-9566-d8b2be710def,7e934b44-0e2a-40fd-8bc3-88833550c3c7,196,10,80,583,13ms,407ms,65ms,191ms
9720,q-conv-clustered,b,eee42173-a8dc-4a3f-be3d-79f44dada5b3,89ab830f-f8e7-4a48-9db1-55ee141ad6e1,103,9,80,583,9.6ms,204ms,53ms,100ms
9730,q-conv-clustered,b,d0e931bf-8378-4377-b448-32cdcd142fca,cda30a9d-54a7-4ec1-820c-1806cfaf129b,51,14,80,582,8.8ms,90ms,66ms,47ms
9740,q-conv-clustered,b,d0e931bf-8378-4377-b448-32cdcd142fca,53e8b70f-bfbc-4fd0-ac39-478bbfd1f084,143,13,80,582,11ms,253ms,74ms,138ms
9750,q-conv-clustered,b,93d95799-3257-409f-9a1f-c4e6b1acbac7,b032cbb1-4319-4a7e-8e63-46447e518df5,170,11,80,582,28ms,422ms,125ms,164ms
9770,q-conv-clustered,b,eee42173-a8dc-4a3f-be3d-79f44dada5b3,bc7e3e20-af1c-410b-8aec-8b327692b512,50,11,80,583,11ms,133ms,24ms,47ms
9760,q-conv-clustered,b,93d95799-3257-409f-9a1f-c4e6b1acbac7,556c3650-78c9-46c1-82dc-ffad57b0c9fd,210,9,80,582,15ms,667ms,212ms,206ms
9780,q-conv-clustered,b,c8b9a016-520f-4f67-a382-3a944aa907fb,e8fa2edc-6e7f-44c8-93d8-eaebbb22c437,279,12,80,583,9.8ms,810ms,89ms,275ms
9790,q-conv-clustered,b,68b4d330-7ca0-476a-b224-b26bc3176700,18bf042b-ce42-46a2-b55c-9706ade3932d,202,13,80,583,10ms,469ms,186ms,198ms
9800,q-conv-clustered,b,68b4d330-7ca0-476a-b224-b26bc3176700,b272acfb-8c15-4735-9741-0201a533aefa,109,10,80,583,9.0ms,165ms,48ms,105ms
9810,q-conv-clustered,b,eee42173-a8dc-4a3f-be3d-79f44dada5b3,159d92ef-5764-4364-addc-4401f841d6ee,60,8,80,583,11ms,72ms,48ms,55ms
9820,q-conv-clustered,b,a89d72ec-512f-4655-8c37-b30e5c5e8ec2,168e678d-4394-42fa-a334-4345b5ba24c8,152,16,82,585,9.7ms,447ms,124ms,147ms
9830,q-conv-clustered,b,68b4d330-7ca0-476a-b224-b26bc3176700,94a8bd91-88a0-49c7-9fa1-4302cb09fe93,64,13,80,583,9.1ms,97ms,52ms,59ms
9840,q-conv-clustered,b,11eaa9c3-4b8f-45e3-b426-78c6d8e7e252,c3434588-4c3d-492c-91ed-7d5112ae38d9,75,12,80,583,10.0ms,162ms,23ms,69ms
9850,q-conv-clustered,b,c44dc1fc-8f74-43dd-9566-d8b2be710def,5b516f35-c499-46f7-966b-8f108d3ae025,107,15,80,583,11ms,266ms,142ms,103ms
9860,q-conv-clustered,b,a89d72ec-512f-4655-8c37-b30e5c5e8ec2,0af0aeab-6c53-4fb7-8f3a-321085ca9cbb,70,15,82,585,9.3ms,163ms,28ms,67ms
9870,q-conv-clustered,b,a89d72ec-512f-4655-8c37-b30e5c5e8ec2,15f0f4c5-286c-4acf-ae36-a1843bc65541,58,7,82,585,12ms,172ms,39ms,55ms
9880,q-conv-clustered,b,a89d72ec-512f-4655-8c37-b30e5c5e8ec2,ae8adcf2-11b8-49b0-8bd3-2ecae559f238,42,12,82,585,9.1ms,116ms,25ms,39ms
9890,q-conv-clustered,b,c8b9a016-520f-4f67-a382-3a944aa907fb,fc7c1012-7854-4437-8682-2f16fafe3f04,96,17,80,583,9.8ms,309ms,69ms,92ms
9900,q-conv-clustered,b,ab7c56b6-9c1e-4dc5-8f25-0eb5644ae210,546a8c1a-c53f-4b2c-8204-9275566e1e6f,86,11,82,585,13ms,186ms,25ms,82ms
9910,q-conv-clustered,b,34d23bae-68b6-4c1a-b15c-043c8f1c52b9,9e3c3b97-e942-4314-b030-71c02e0c4a57,38,11,82,584,11ms,48ms,22ms,33ms
9920,q-conv-clustered,b,c44dc1fc-8f74-43dd-9566-d8b2be710def,cb0e08ed-7c2f-4aa8-ae7d-ea8be573e266,144,14,80,583,15ms,314ms,70ms,139ms
9930,q-conv-clustered,b,d0e931bf-8378-4377-b448-32cdcd142fca,9fafea67-d0ae-44f1-8b6e-752b54c19f4c,94,13,80,582,10ms,208ms,20ms,89ms
9940,q-conv-clustered,b,eee42173-a8dc-4a3f-be3d-79f44dada5b3,ae75c041-4bb0-46cb-bf0d-e40151782440,126,11,80,583,11ms,275ms,39ms,121ms
9950,q-conv-clustered,b,68b4d330-7ca0-476a-b224-b26bc3176700,5b156512-a524-4ac2-9517-00cf4e0265dd,214,9,80,583,10ms,458ms,99ms,210ms
9960,q-conv-clustered,b,eee42173-a8dc-4a3f-be3d-79f44dada5b3,cfe07bed-bad2-40a1-a544-d05eeaa4abb3,53,12,80,583,11ms,134ms,26ms,48ms
9970,q-conv-clustered,b,c8b9a016-520f-4f67-a382-3a944aa907fb,91e381f5-b19e-47da-9f40-47844ea3c671,131,11,80,583,8.9ms,162ms,23ms,126ms
9980,q-conv-clustered,b,a89d72ec-512f-4655-8c37-b30e5c5e8ec2,6e766c16-99ad-4776-8b7e-f7cb65089bdd,62,15,82,585,8.1ms,147ms,71ms,59ms
9990,q-conv-clustered,b,eee42173-a8dc-4a3f-be3d-79f44dada5b3,2ce16564-a2cb-4af5-83ac-3097ef4d55f3,47,8,80,583,12ms,78ms,17ms,44ms
10000,q-conv-clustered,b,d0e931bf-8378-4377-b448-32cdcd142fca,de9f02cb-c720-43c7-8315-fb45dd8af98e,96,14,80,582,9.1ms,211ms,103ms,90ms
10010,q-conv-clustered,b,c44dc1fc-8f74-43dd-9566-d8b2be710def,e5553bfc-955e-4a87-8971-99dcec24a220,60,8,80,583,10ms,101ms,43ms,55ms
10020,q-conv-clustered,b,eee42173-a8dc-4a3f-be3d-79f44dada5b3,e3756503-bdc0-41d4-af03-bb984c76de9b,97,12,80,583,34ms,250ms,49ms,93ms
10030,q-conv-clustered,b,34d23bae-68b6-4c1a-b15c-043c8f1c52b9,dc674ffd-75f6-4425-89d2-565d95b519a0,92,12,82,584,10.0ms,134ms,43ms,87ms
10040,q-conv-clustered,b,34d23bae-68b6-4c1a-b15c-043c8f1c52b9,47a8ec6c-dcc7-4ad4-b3ea-d0bf34423cd3,82,13,82,584,9.6ms,100ms,24ms,79ms
10050,q-conv-clustered,b,34d23bae-68b6-4c1a-b15c-043c8f1c52b9,51ac9f9d-e056-4412-9059-bf5ac1f520c7,144,12,82,584,24ms,352ms,91ms,140ms
10060,q-conv-clustered,b,68b4d330-7ca0-476a-b224-b26bc3176700,c25b7b7e-4df3-4a96-916a-b6815331cdff,115,12,80,583,9.9ms,234ms,62ms,110ms
10080,q-conv-clustered,b,eee42173-a8dc-4a3f-be3d-79f44dada5b3,2256b323-6746-4777-bdb0-d5d59fe666f6,113,9,80,583,78ms,296ms,36ms,106ms
10070,q-conv-clustered,b,c8b9a016-520f-4f67-a382-3a944aa907fb,1b7e52a7-5011-4f52-9cd0-925647aec0f1,250,15,80,583,34ms,489ms,14ms,244ms
10090,q-conv-clustered,b,d0e931bf-8378-4377-b448-32cdcd142fca,00f901ef-4d5d-4d05-9b63-c30a9b9ac2e5,153,14,80,582,9.1ms,225ms,15ms,149ms
10100,q-conv-clustered,b,d0e931bf-8378-4377-b448-32cdcd142fca,98f2e332-dfba-4c5c-a41d-67567cef8464,99,13,80,582,8.7ms,223ms,44ms,95ms
10110,q-conv-clustered,b,eee42173-a8dc-4a3f-be3d-79f44dada5b3,1de91344-0639-4019-a693-6d583b7a7e1c,45,11,80,583,11ms,95ms,14ms,42ms
10120,q-conv-clustered,b,93d95799-3257-409f-9a1f-c4e6b1acbac7,8cc6b87b-6a98-4b17-967e-b2775ab80a0c,69,13,80,582,36ms,171ms,51ms,64ms
10130,q-conv-clustered,b,11eaa9c3-4b8f-45e3-b426-78c6d8e7e252,4a565717-6e4f-4680-b22d-e8b5f87bbfa2,120,15,80,583,9.1ms,188ms,26ms,115ms
10140,q-conv-clustered,b,eee42173-a8dc-4a3f-be3d-79f44dada5b3,19dd3db5-cd9a-4d3f-ae95-0d81b7483034,52,13,80,583,15ms,72ms,16ms,48ms
10150,q-conv-clustered,b,a89d72ec-512f-4655-8c37-b30e5c5e8ec2,49c8615b-9a99-4975-807f-9e77c9b7ff2c,124,11,82,585,10ms,245ms,25ms,121ms
10160,q-conv-clustered,b,68b4d330-7ca0-476a-b224-b26bc3176700,4a8f5c99-3a65-4f3c-85f0-afd5cf7ff34c,55,17,80,583,9.5ms,56ms,21ms,50ms
10170,q-conv-clustered,b,93d95799-3257-409f-9a1f-c4e6b1acbac7,19444443-84be-462f-979b-77ab4edf33e8,39,10,80,582,11ms,63ms,42ms,34ms
10180,q-conv-clustered,b,d0e931bf-8378-4377-b448-32cdcd142fca,93c4caf7-5d7c-4243-aa27-d9ac39e3135b,228,11,80,582,9.8ms,712ms,157ms,225ms
10200,q-conv-clustered,b,ab7c56b6-9c1e-4dc5-8f25-0eb5644ae210,beefeb23-4717-4d87-a98e-bfc4976154e7,102,16,82,585,9.6ms,270ms,104ms,97ms
10190,q-conv-clustered,b,ab7c56b6-9c1e-4dc5-8f25-0eb5644ae210,8a1e1a61-0fbe-4ef0-adf4-499967ea53f8,221,15,82,585,11ms,676ms,98ms,216ms
10210,q-conv-clustered,b,a89d72ec-512f-4655-8c37-b30e5c5e8ec2,39687f56-9a8b-4ed5-8851-032ab1397c7c,145,15,82,585,11ms,332ms,33ms,142ms
10220,q-conv-clustered,b,eee42173-a8dc-4a3f-be3d-79f44dada5b3,c6b3a160-361a-45da-8467-c0f242d46192,41,9,80,583,11ms,126ms,26ms,37ms
10230,q-conv-clustered,b,c8b9a016-520f-4f67-a382-3a944aa907fb,82064fe1-43a7-45d3-8f9b-55d40d9d1a35,80,10,80,583,11ms,143ms,51ms,75ms
10240,q-conv-clustered,b,ab7c56b6-9c1e-4dc5-8f25-0eb5644ae210,b4210fc7-2ac0-4c6a-868a-483f32ab47f8,142,6,82,585,11ms,298ms,148ms,137ms
10250,q-conv-clustered,b,34d23bae-68b6-4c1a-b15c-043c8f1c52b9,531c6027-2c59-4f3a-ba3f-88f9e923e8de,59,11,82,584,11ms,76ms,17ms,55ms
10260,q-conv-clustered,b,11eaa9c3-4b8f-45e3-b426-78c6d8e7e252,5fc906b9-9484-4857-89ad-39bdd6643f04,163,13,80,583,9.8ms,499ms,76ms,160ms
10270,q-conv-clustered,b,a89d72ec-512f-4655-8c37-b30e5c5e8ec2,a4aab92e-b55c-4380-a110-875a45ba3e74,97,16,82,585,9.6ms,99ms,49ms,93ms
10280,q-conv-clustered,b,11eaa9c3-4b8f-45e3-b426-78c6d8e7e252,4cf689d8-40fd-404a-89ea-6da9851ce471,79,10,80,583,9.4ms,163ms,89ms,75ms
10290,q-conv-clustered,b,68b4d330-7ca0-476a-b224-b26bc3176700,213903ad-7de9-4943-8a24-2deaab1d2e47,157,9,80,583,11ms,317ms,71ms,153ms
10300,q-conv-clustered,b,11eaa9c3-4b8f-45e3-b426-78c6d8e7e252,2cec7b0d-c802-40c2-b1ee-23fb1d0258f6,70,21,80,583,9.5ms,159ms,18ms,66ms
10320,q-conv-clustered,b,eee42173-a8dc-4a3f-be3d-79f44dada5b3,ad387aed-6423-4cdc-bb58-b3bd9660c950,47,13,80,583,12ms,111ms,17ms,44ms
10310,q-conv-clustered,b,c8b9a016-520f-4f67-a382-3a944aa907fb,29c1c819-ae3f-4f16-bb1f-8ae092de42f9,158,13,80,583,9.5ms,397ms,118ms,155ms
10330,q-conv-clustered,b,c44dc1fc-8f74-43dd-9566-d8b2be710def,0c9790fe-4dbb-49e3-9bfb-7aab976cea55,101,9,80,583,12ms,252ms,46ms,96ms
10340,q-conv-clustered,b,11eaa9c3-4b8f-45e3-b426-78c6d8e7e252,51d0b9d3-140d-4d85-ab18-6cfc7ac8d52f,40,14,80,583,9.1ms,87ms,35ms,35ms
10350,q-conv-clustered,b,c44dc1fc-8f74-43dd-9566-d8b2be710def,0bcec304-4d3d-4396-9bb3-4006507d8302,143,6,80,583,12ms,498ms,57ms,140ms
10360,q-conv-clustered,b,c8b9a016-520f-4f67-a382-3a944aa907fb,8157e3ab-51c3-401c-9de8-8125dcbf628e,176,14,80,583,11ms,435ms,152ms,173ms
10370,q-conv-clustered,b,a89d72ec-512f-4655-8c37-b30e5c5e8ec2,a3d803aa-27e7-4c6a-9c3a-c4b43fe2c71e,125,7,82,585,9.9ms,197ms,33ms,117ms
10380,q-conv-clustered,b,c8b9a016-520f-4f67-a382-3a944aa907fb,b0cb8fb6-9d0a-46c2-a5c2-b85f950937e9,55,5,80,583,11ms,170ms,40ms,50ms
10390,q-conv-clustered,b,eee42173-a8dc-4a3f-be3d-79f44dada5b3,bd0db60e-817c-4ddf-b3c1-73edceccc5e3,75,14,80,583,13ms,102ms,61ms,70ms
10410,q-conv-clustered,b,c8b9a016-520f-4f67-a382-3a944aa907fb,99b94db7-7e58-4fed-9410-7c880da9313f,54,14,80,583,10ms,116ms,24ms,49ms
10400,q-conv-clustered,b,11eaa9c3-4b8f-45e3-b426-78c6d8e7e252,368f069f-8d2d-4090-a16b-c93b57e4cfa4,219,9,80,583,11ms,383ms,58ms,214ms
10420,q-conv-clustered,b,a89d72ec-512f-4655-8c37-b30e5c5e8ec2,5a2856b3-e5e5-454c-987f-ea90c257bc23,94,16,82,585,9.6ms,263ms,40ms,90ms
10430,q-conv-clustered,b,34d23bae-68b6-4c1a-b15c-043c8f1c52b9,8bf4d0f4-df5b-4c58-94d3-ad2d5f277dd9,68,13,82,584,10ms,177ms,96ms,65ms
10450,q-conv-clustered,b,eee42173-a8dc-4a3f-be3d-79f44dada5b3,02235e22-f436-4988-b925-160cfb06482e,30,13,80,583,9.6ms,51ms,26ms,26ms
10440,q-conv-clustered,b,34d23bae-68b6-4c1a-b15c-043c8f1c52b9,bb9c7923-afa3-4b50-8631-f701bdad8e22,146,20,82,584,10ms,139ms,83ms,140ms
10460,q-conv-clustered,b,34d23bae-68b6-4c1a-b15c-043c8f1c52b9,fd337cba-20ed-4fd0-86a4-40853b973c3f,219,17,82,584,9.4ms,443ms,67ms,215ms
10470,q-conv-clustered,b,a89d72ec-512f-4655-8c37-b30e5c5e8ec2,91b24ee5-fa08-4442-bb6c-01616ade4f84,110,14,82,585,9.8ms,213ms,63ms,107ms
10480,q-conv-clustered,b,c8b9a016-520f-4f67-a382-3a944aa907fb,0d605860-d782-4bab-9b11-e1455671b925,103,11,80,583,10ms,235ms,92ms,99ms
10490,q-conv-clustered,b,ab7c56b6-9c1e-4dc5-8f25-0eb5644ae210,46af20eb-0cec-4c93-a91d-8012efb2a0f9,65,15,82,585,9.0ms,114ms,56ms,60ms
10500,q-conv-clustered,b,11eaa9c3-4b8f-45e3-b426-78c6d8e7e252,a6441f95-c25b-48de-8e9f-cecde8dbd158,101,8,80,583,11ms,288ms,146ms,98ms
10510,q-conv-clustered,b,eee42173-a8dc-4a3f-be3d-79f44dada5b3,714e25c7-1894-4493-9e9d-6e4cefd34b8b,52,9,80,583,9.9ms,95ms,58ms,48ms
10520,q-conv-clustered,b,d0e931bf-8378-4377-b448-32cdcd142fca,36b4e5c8-9c92-4c45-b358-d793c5ec325b,70,7,80,582,9.8ms,99ms,15ms,65ms
10530,q-conv-clustered,b,eee42173-a8dc-4a3f-be3d-79f44dada5b3,63c5d18e-5d10-49da-9b55-0f563890ded8,40,13,80,583,11ms,88ms,20ms,36ms
10550,q-conv-clustered,b,c8b9a016-520f-4f67-a382-3a944aa907fb,f24f242a-cc1b-4ff1-939e-06a5a1d1228f,83,11,80,583,12ms,131ms,47ms,79ms
10540,q-conv-clustered,b,11eaa9c3-4b8f-45e3-b426-78c6d8e7e252,e581e06e-aa9d-499e-bc59-7a9b99d89af5,250,12,80,583,9.6ms,710ms,205ms,246ms
10560,q-conv-clustered,b,c44dc1fc-8f74-43dd-9566-d8b2be710def,c314b410-5233-4b0d-80df-01dfc3cbb5cf,78,8,80,583,12ms,93ms,20ms,74ms
10570,q-conv-clustered,b,68b4d330-7ca0-476a-b224-b26bc3176700,c877c71f-e92a-427b-993e-3fa25149f8bd,99,9,80,583,9.4ms,188ms,41ms,94ms
10580,q-conv-clustered,b,93d95799-3257-409f-9a1f-c4e6b1acbac7,7963d722-d82a-4687-9838-2787615bf0a5,219,13,80,582,10ms,690ms,283ms,215ms
10590,q-conv-clustered,b,a89d72ec-512f-4655-8c37-b30e5c5e8ec2,ead47c9c-1551-4faf-88c5-8763e211fbff,47,7,82,585,11ms,81ms,35ms,43ms
10600,q-conv-clustered,b,11eaa9c3-4b8f-45e3-b426-78c6d8e7e252,8af31575-b879-4ac8-bd59-9814f7aa8d61,40,6,80,583,9.2ms,61ms,21ms,35ms
10610,q-conv-clustered,b,eee42173-a8dc-4a3f-be3d-79f44dada5b3,24ceab95-dd46-43eb-a413-916600dd3af3,67,18,80,583,9.9ms,168ms,16ms,62ms
10620,q-conv-clustered,b,a89d72ec-512f-4655-8c37-b30e5c5e8ec2,be9209ec-d3f3-46d3-a705-d1885997d864,76,15,82,585,9.7ms,206ms,77ms,71ms
10630,q-conv-clustered,b,c44dc1fc-8f74-43dd-9566-d8b2be710def,a17fe719-83df-4376-a287-dba043f83cb9,36,10,80,583,10ms,65ms,20ms,32ms
10640,q-conv-clustered,b,68b4d330-7ca0-476a-b224-b26bc3176700,f794a483-0d57-4798-81ab-467cb63fe2ff,96,10,80,583,9.5ms,205ms,75ms,92ms
10650,q-conv-clustered,b,11eaa9c3-4b8f-45e3-b426-78c6d8e7e252,c705932e-9a39-4bf9-bad4-fa7f7dd16951,130,13,80,583,9.8ms,259ms,159ms,124ms
10660,q-conv-clustered,b,93d95799-3257-409f-9a1f-c4e6b1acbac7,244be07c-5ed2-43cc-b70b-958bd34075f7,138,18,80,582,11ms,450ms,100ms,133ms
10670,q-conv-clustered,b,34d23bae-68b6-4c1a-b15c-043c8f1c52b9,25d2cb77-9d47-452d-a5d2-044c0000cf3b,89,12,82,584,30ms,173ms,68ms,84ms
10680,q-conv-clustered,b,68b4d330-7ca0-476a-b224-b26bc3176700,0396c78c-95f6-498e-8daa-e23d0e3c25b1,199,8,80,583,13ms,629ms,203ms,195ms
10690,q-conv-clustered,b,93d95799-3257-409f-9a1f-c4e6b1acbac7,baa5f4d8-0fe3-4849-9251-70e4a8f4843c,117,20,80,582,9.3ms,169ms,90ms,113ms
10700,q-conv-clustered,b,11eaa9c3-4b8f-45e3-b426-78c6d8e7e252,7f785277-e343-4312-890d-1ecc76754cbb,126,11,80,583,12ms,293ms,101ms,123ms
10710,q-conv-clustered,b,d0e931bf-8378-4377-b448-32cdcd142fca,aa2fbc9a-ca97-49f0-91f1-30c2fbde8c58,105,11,80,582,9.8ms,232ms,109ms,100ms
10720,q-conv-clustered,b,93d95799-3257-409f-9a1f-c4e6b1acbac7,5fcd1968-9656-4e71-b6a7-5348a96a4a20,82,18,80,582,32ms,155ms,44ms,78ms
10730,q-conv-clustered,b,34d23bae-68b6-4c1a-b15c-043c8f1c52b9,5a31a100-8148-4309-b222-64666813c566,114,13,82,584,44ms,225ms,84ms,109ms
10740,q-conv-clustered,b,c8b9a016-520f-4f67-a382-3a944aa907fb,bfba9d5f-fc04-4a9c-9cc6-b28ae37c2fd5,56,10,80,583,9.8ms,78ms,27ms,52ms
10750,q-conv-clustered,b,c8b9a016-520f-4f67-a382-3a944aa907fb,6ddfbaa1-78b2-4d90-a1ae-bdec4c71074d,186,14,80,583,11ms,434ms,97ms,180ms
10760,q-conv-clustered,b,eee42173-a8dc-4a3f-be3d-79f44dada5b3,0738c96c-c592-4210-92c5-430f95fd8a63,41,8,80,583,11ms,83ms,24ms,37ms
10770,q-conv-clustered,b,93d95799-3257-409f-9a1f-c4e6b1acbac7,6e6d2c3d-e4e2-4671-80f2-24c42e9f08f9,104,13,80,582,10ms,266ms,54ms,99ms
10780,q-conv-clustered,b,d0e931bf-8378-4377-b448-32cdcd142fca,5e12cbec-4649-42ee-aace-8f7734dc449b,44,9,80,582,9.8ms,71ms,23ms,40ms
10790,q-conv-clustered,b,eee42173-a8dc-4a3f-be3d-79f44dada5b3,b0eabcd8-f767-46de-8a0e-06adfae4ba75,52,14,80,583,12ms,90ms,59ms,46ms
10800,q-conv-clustered,b,a89d72ec-512f-4655-8c37-b30e5c5e8ec2,8caede06-e787-44ea-bf4a-75e6f3e4abe0,81,16,82,585,12ms,96ms,22ms,77ms
10810,q-conv-clustered,b,eee42173-a8dc-4a3f-be3d-79f44dada5b3,558c3edf-fdd3-4253-a26e-5a9137e2644e,68,7,80,583,13ms,172ms,42ms,64ms
10820,q-conv-clustered,b,eee42173-a8dc-4a3f-be3d-79f44dada5b3,0127d7c6-559e-45ec-8f6c-11b6ce4bc670,37,13,80,583,10ms,52ms,11ms,33ms
10830,q-conv-clustered,b,c8b9a016-520f-4f67-a382-3a944aa907fb,cbea7943-4ac1-4b58-9f2e-3b1e54c4425d,147,11,80,583,9.3ms,273ms,32ms,141ms
10840,q-conv-clustered,b,68b4d330-7ca0-476a-b224-b26bc3176700,9ac3032b-12d4-4c75-8488-3b27de4b380c,151,12,80,583,11ms,456ms,56ms,145ms
10860,q-conv-clustered,b,eee42173-a8dc-4a3f-be3d-79f44dada5b3,1eefff1f-814e-42f0-b584-265ceb6bd943,81,13,80,583,14ms,277ms,90ms,75ms
10850,q-conv-clustered,b,34d23bae-68b6-4c1a-b15c-043c8f1c52b9,2448b080-f70e-466a-9659-3093b2118013,263,14,82,584,35ms,626ms,93ms,257ms
10870,q-conv-clustered,b,d0e931bf-8378-4377-b448-32cdcd142fca,41b5c21f-c3dc-40f9-8118-21c000ade3df,39,11,80,582,12ms,53ms,16ms,34ms
10880,q-conv-clustered,b,c44dc1fc-8f74-43dd-9566-d8b2be710def,f23b30ec-a961-4fa2-94d5-d8c466eee828,152,14,80,583,11ms,462ms,25ms,148ms
10890,q-conv-clustered,b,c44dc1fc-8f74-43dd-9566-d8b2be710def,49eeb91f-b011-45a4-9136-c97b58d87064,76,14,80,583,12ms,86ms,27ms,71ms
10900,q-conv-clustered,b,68b4d330-7ca0-476a-b224-b26bc3176700,6af2c4de-5bfc-4106-b599-62f61f6ba628,181,13,80,583,9.9ms,417ms,211ms,177ms
10910,q-conv-clustered,b,c44dc1fc-8f74-43dd-9566-d8b2be710def,7ad8318a-3d71-4062-93ad-ed0a6975dc80,170,14,80,583,14ms,517ms,264ms,166ms
10920,q-conv-clustered,b,68b4d330-7ca0-476a-b224-b26bc3176700,b1de3e5e-d9a1-47b8-9dcb-9f016c15a15f,137,14,80,583,11ms,363ms,191ms,130ms
10930,q-conv-clustered,b,c8b9a016-520f-4f67-a382-3a944aa907fb,ddb175a0-7b7e-406f-80b2-d32bdd03a68b,121,6,80,583,8.8ms,85ms,31ms,116ms
10940,q-conv-clustered,b,ab7c56b6-9c1e-4dc5-8f25-0eb5644ae210,0b04ac69-f02e-4808-8075-76bbcb71dad2,55,13,82,585,11ms,126ms,21ms,51ms
10950,q-conv-clustered,b,eee42173-a8dc-4a3f-be3d-79f44dada5b3,7988206a-d5c8-4fa6-8d0b-4792b48367f8,52,13,80,583,11ms,142ms,64ms,48ms
10960,q-conv-clustered,b,11eaa9c3-4b8f-45e3-b426-78c6d8e7e252,2892cffe-50b9-4f1c-ae39-6f3486aba0ca,166,11,80,583,12ms,247ms,40ms,162ms
10970,q-conv-clustered,b,34d23bae-68b6-4c1a-b15c-043c8f1c52b9,2f8e6062-6569-450f-9d26-a16ab2a8c108,91,14,82,584,12ms,130ms,65ms,86ms
10980,q-conv-clustered,b,a89d72ec-512f-4655-8c37-b30e5c5e8ec2,0f62ac1b-fc6a-4942-8d2e-2db3024c81a8,106,9,82,585,9.7ms,291ms,107ms,103ms
10990,q-conv-clustered,b,a89d72ec-512f-4655-8c37-b30e5c5e8ec2,46a696fa-3e6a-4415-ac1e-5edcaab8c826,154,11,82,585,11ms,255ms,99ms,151ms
11000,q-conv-clustered,b,eee42173-a8dc-4a3f-be3d-79f44dada5b3,0463eb1f-3b0c-4fc0-8d03-b859c9605346,33,19,80,583,12ms,59ms,40ms,30ms
11010,q-conv-clustered,b,93d95799-3257-409f-9a1f-c4e6b1acbac7,74aa73a1-b4f3-4893-8b0d-cd233fa7be82,133,16,80,582,10ms,324ms,58ms,128ms
11030,q-conv-clustered,b,c8b9a016-520f-4f67-a382-3a944aa907fb,2ad980ed-89c0-43b4-ba0d-01bb10d48156,127,19,80,583,8.9ms,189ms,71ms,123ms
11020,q-conv-clustered,b,c8b9a016-520f-4f67-a382-3a944aa907fb,67606797-f841-4c64-8656-1c3a61367bad,216,16,80,583,8.3ms,407ms,150ms,213ms
11040,q-conv-clustered,b,68b4d330-7ca0-476a-b224-b26bc3176700,1d36bafa-5fc3-4096-ad23-16a0b015ac5a,131,14,80,583,10ms,376ms,19ms,128ms
11050,q-conv-clustered,b,34d23bae-68b6-4c1a-b15c-043c8f1c52b9,35945fa9-ad99-4035-9d36-0eb868a25111,101,7,82,584,11ms,288ms,64ms,97ms
11060,q-conv-clustered,b,34d23bae-68b6-4c1a-b15c-043c8f1c52b9,fbf5f550-86a0-49e8-966a-51cead9fa49e,63,2,82,584,9.9ms,88ms,51ms,58ms
11070,q-conv-clustered,b,c44dc1fc-8f74-43dd-9566-d8b2be710def,27943c15-6053-4af1-b2de-7ab3d54a46a6,58,14,80,583,12ms,115ms,48ms,53ms
11080,q-conv-clustered,b,ab7c56b6-9c1e-4dc5-8f25-0eb5644ae210,6ebff3bb-ce27-4e00-a523-d55e8b9c26e5,180,12,82,585,9.7ms,386ms,47ms,175ms
11090,q-conv-clustered,b,93d95799-3257-409f-9a1f-c4e6b1acbac7,559dd3d4-f100-44cf-bedf-ab9eeb42784a,36,10,80,582,11ms,70ms,32ms,32ms
11100,q-conv-clustered,b,ab7c56b6-9c1e-4dc5-8f25-0eb5644ae210,d68e66f1-6e72-4c70-ad4e-0847bbc06eb6,86,6,82,585,11ms,169ms,43ms,80ms
11110,q-conv-clustered,b,a89d72ec-512f-4655-8c37-b30e5c5e8ec2,024b352b-9773-494e-aba2-14e4e9e921cf,93,17,82,585,10ms,174ms,52ms,88ms
11120,q-conv-clustered,b,68b4d330-7ca0-476a-b224-b26bc3176700,0c144812-a824-4528-9bbc-029117a84a83,112,9,80,583,10ms,181ms,17ms,108ms
11130,q-conv-clustered,b,eee42173-a8dc-4a3f-be3d-79f44dada5b3,d0bbf7c2-5d1b-47d5-811c-cdad11a73a6f,65,12,80,583,13ms,77ms,49ms,61ms
11140,q-conv-clustered,b,34d23bae-68b6-4c1a-b15c-043c8f1c52b9,349d720c-6578-4e31-978b-8613e316f41f,143,12,82,584,9.1ms,401ms,85ms,138ms
11160,q-conv-clustered,b,ab7c56b6-9c1e-4dc5-8f25-0eb5644ae210,df1df57c-ebee-4321-ad7e-022a7263f756,46,5,82,585,16ms,81ms,23ms,42ms
11150,q-conv-clustered,b,c44dc1fc-8f74-43dd-9566-d8b2be710def,ec0a4ee6-8ef8-4b7c-bd24-3897912e7671,231,10,80,583,12ms,559ms,168ms,226ms
11170,q-conv-clustered,b,c8b9a016-520f-4f67-a382-3a944aa907fb,92cc773d-d351-4103-9303-90dcc1cfe7e1,129,14,80,583,9.2ms,203ms,65ms,125ms
11180,q-conv-clustered,b,34d23bae-68b6-4c1a-b15c-043c8f1c52b9,5a6840c7-a4fd-4b12-bfdc-09a4e5b44963,85,11,82,584,10ms,235ms,40ms,80ms
11190,q-conv-clustered,b,a89d72ec-512f-4655-8c37-b30e5c5e8ec2,0b6354c7-6e2c-4bc8-b4ff-f18c3f9ca54b,112,6,82,585,10ms,302ms,148ms,109ms
11200,q-conv-clustered,b,68b4d330-7ca0-476a-b224-b26bc3176700,6c8eed6a-a2ef-4774-9ba8-3ac5f726d7af,138,13,80,583,11ms,339ms,21ms,132ms
11210,q-conv-clustered,b,eee42173-a8dc-4a3f-be3d-79f44dada5b3,44af8e56-3f2f-47fd-aee8-eca3ea4762f5,38,6,80,583,10ms,75ms,30ms,34ms
11220,q-conv-clustered,b,ab7c56b6-9c1e-4dc5-8f25-0eb5644ae210,a18646ac-6380-437d-a508-5093048e163f,111,16,82,585,15ms,198ms,68ms,107ms
11230,q-conv-clustered,b,eee42173-a8dc-4a3f-be3d-79f44dada5b3,41f9bbdc-1814-477e-bfba-ce4d3e437591,91,11,80,583,12ms,124ms,57ms,86ms
11240,q-conv-clustered,b,93d95799-3257-409f-9a1f-c4e6b1acbac7,67136753-61d8-453b-8dc2-ed2f6ad18a7c,52,13,80,582,11ms,149ms,22ms,48ms
11250,q-conv-clustered,b,11eaa9c3-4b8f-45e3-b426-78c6d8e7e252,e7e8bb16-e8ed-4960-9a77-c919bd9f720f,78,8,80,583,13ms,140ms,88ms,70ms
11260,q-conv-clustered,b,68b4d330-7ca0-476a-b224-b26bc3176700,d501c0b4-a538-4bce-9533-4006c03280b2,128,9,80,583,9.2ms,307ms,91ms,124ms
11270,q-conv-clustered,b,c44dc1fc-8f74-43dd-9566-d8b2be710def,af976c4a-fcab-4ef3-9b54-949b34c3f8d1,214,14,80,583,24ms,575ms,87ms,211ms
11280,q-conv-clustered,b,c44dc1fc-8f74-43dd-9566-d8b2be710def,e2da6670-aabb-488f-bea9-e68f9c7380ff,105,8,80,583,13ms,301ms,58ms,102ms
11290,q-conv-clustered,b,d0e931bf-8378-4377-b448-32cdcd142fca,a4622cd3-d452-4f6a-ba63-62171e014ec4,91,12,80,582,9.4ms,211ms,75ms,88ms
11300,q-conv-clustered,b,eee42173-a8dc-4a3f-be3d-79f44dada5b3,7f0e35f3-2e63-459b-a80d-4cc4d7037937,75,10,80,583,15ms,211ms,51ms,72ms
11310,q-conv-clustered,b,11eaa9c3-4b8f-45e3-b426-78c6d8e7e252,bbb5a8b4-e8e7-460c-83ed-d9da3858716e,40,8,80,583,11ms,76ms,47ms,35ms
11320,q-conv-clustered,b,68b4d330-7ca0-476a-b224-b26bc3176700,2397520d-5771-42d1-94e9-30d2f77e62df,159,10,80,583,9.2ms,421ms,47ms,155ms
11330,q-conv-clustered,b,93d95799-3257-409f-9a1f-c4e6b1acbac7,fbb13fea-5e14-418c-b460-65e2cfd15a08,207,11,80,582,9.1ms,470ms,53ms,202ms
11340,q-conv-clustered,b,93d95799-3257-409f-9a1f-c4e6b1acbac7,cfdd1134-30b8-45c6-a4ab-d1142b76c020,97,19,80,582,8.9ms,247ms,77ms,92ms
11350,q-conv-clustered,b,d0e931bf-8378-4377-b448-32cdcd142fca,4eb9ae64-4610-4746-ba0d-8840f4b42624,95,12,80,582,11ms,119ms,51ms,90ms
11360,q-conv-clustered,b,c44dc1fc-8f74-43dd-9566-d8b2be710def,3a5d6d25-4bfe-4a7e-aa2d-c6d15070abf4,103,10,80,583,11ms,237ms,80ms,97ms
11370,q-conv-clustered,b,34d23bae-68b6-4c1a-b15c-043c8f1c52b9,f2755dd0-a5d4-4605-ba85-d00cc8f08ddc,143,17,82,584,10ms,333ms,106ms,139ms
11390,q-conv-clustered,b,11eaa9c3-4b8f-45e3-b426-78c6d8e7e252,ec4a19af-eed0-4e5f-92fe-0ef43eb4175b,71,20,80,583,13ms,163ms,26ms,67ms
11380,q-conv-clustered,b,93d95799-3257-409f-9a1f-c4e6b1acbac7,7b5a4f0a-0982-4509-9b70-f91ba02ab611,224,8,80,582,11ms,614ms,121ms,220ms
11400,q-conv-clustered,b,34d23bae-68b6-4c1a-b15c-043c8f1c52b9,94f58250-a5f6-4452-93a0-a12507552375,155,9,82,584,11ms,329ms,100ms,151ms
11410,q-conv-clustered,b,d0e931bf-8378-4377-b448-32cdcd142fca,e0cde68f-f56c-4806-b3b7-e422d37a02ad,98,10,80,582,49ms,301ms,87ms,94ms
11420,q-conv-clustered,b,11eaa9c3-4b8f-45e3-b426-78c6d8e7e252,f834b3b0-a2f2-4583-91c5-4bcd69f1f87d,75,11,80,583,11ms,95ms,51ms,71ms
11430,q-conv-clustered,b,c8b9a016-520f-4f67-a382-3a944aa907fb,2e82bc3b-9b93-40fc-81e2-05f3af60b9c8,116,12,80,583,11ms,378ms,61ms,111ms
11440,q-conv-clustered,b,a89d72ec-512f-4655-8c37-b30e5c5e8ec2,8513bfec-df5c-48b5-a3d7-ff99a6c44075,120,22,82,585,11ms,193ms,77ms,115ms
11450,q-conv-clustered,b,c44dc1fc-8f74-43dd-9566-d8b2be710def,ea8b9bde-d70d-4205-9ebd-21f0b436ba2e,76,10,80,583,10ms,115ms,20ms,70ms
11460,q-conv-clustered,b,ab7c56b6-9c1e-4dc5-8f25-0eb5644ae210,fb66bb1a-d1ea-4fd9-b9dd-54ce02bbefd4,78,10,82,585,11ms,167ms,47ms,74ms
11470,q-conv-clustered,b,68b4d330-7ca0-476a-b224-b26bc3176700,37349ff8-d584-43ca-9fdc-8d3368e812cb,120,16,80,583,9.2ms,400ms,145ms,116ms
11480,q-conv-clustered,b,34d23bae-68b6-4c1a-b15c-043c8f1c52b9,e884826f-b883-4d81-abb3-b595c33737fa,98,9,82,584,9.0ms,231ms,89ms,93ms
11490,q-conv-clustered,b,a89d72ec-512f-4655-8c37-b30e5c5e8ec2,d25ee490-b421-4b04-a7c3-dec5359d3a55,58,13,82,585,10ms,120ms,73ms,54ms
11500,q-conv-clustered,b,a89d72ec-512f-4655-8c37-b30e5c5e8ec2,27f4b489-31ee-49a5-9dd0-37257a2483ac,74,11,82,585,9.9ms,170ms,13ms,70ms
11510,q-conv-clustered,b,d0e931bf-8378-4377-b448-32cdcd142fca,ac0dfdfc-63b8-4ebe-86da-f372aad70e8e,70,15,80,582,9.6ms,98ms,51ms,66ms
11520,q-conv-clustered,b,68b4d330-7ca0-476a-b224-b26bc3176700,d621a1f6-b685-4b24-9f44-cdf4c9656c02,374,11,80,583,9.5ms,862ms,457ms,370ms
11540,q-conv-clustered,b,a89d72ec-512f-4655-8c37-b30e5c5e8ec2,cb6687d2-5221-4d3b-b2b0-bff279d63820,34,11,82,585,11ms,57ms,14ms,30ms
11530,q-conv-clustered,b,68b4d330-7ca0-476a-b224-b26bc3176700,bd27e40e-d4b3-4f18-ad27-0af51000eefb,214,13,80,583,10ms,563ms,149ms,210ms
11550,q-conv-clustered,b,11eaa9c3-4b8f-45e3-b426-78c6d8e7e252,3b34e84c-4e49-452d-b383-1eef48b7f6a3,100,17,80,583,10ms,300ms,52ms,96ms
11560,q-conv-clustered,b,11eaa9c3-4b8f-45e3-b426-78c6d8e7e252,c9b8ceba-4489-4f01-93e3-95c49a5b5b7e,155,11,80,583,8.8ms,375ms,34ms,152ms
11570,q-conv-clustered,b,d0e931bf-8378-4377-b448-32cdcd142fca,f548b172-4589-4c2c-b809-edd84d415caa,122,10,80,582,10ms,208ms,51ms,118ms
11580,q-conv-clustered,b,d0e931bf-8378-4377-b448-32cdcd142fca,1639863a-2b2d-410e-858e-3afe53b7bcc4,39,8,80,582,9.9ms,61ms,14ms,35ms
11590,q-conv-clustered,b,68b4d330-7ca0-476a-b224-b26bc3176700,f5cdcde7-4844-4621-b756-508c029b9d6b,179,11,80,583,9.3ms,604ms,180ms,175ms
11600,q-conv-clustered,b,c44dc1fc-8f74-43dd-9566-d8b2be710def,1a1ecdee-c0cd-4181-a129-edcafb372024,119,11,80,583,13ms,288ms,100ms,115ms
11610,q-conv-clustered,b,34d23bae-68b6-4c1a-b15c-043c8f1c52b9,6495c50e-5507-4a4d-8a4c-c2dceed907d2,143,7,82,584,9.5ms,465ms,60ms,139ms
11630,q-conv-clustered,b,c44dc1fc-8f74-43dd-9566-d8b2be710def,91041158-4210-4eb5-a269-c4bfb36dd5e7,164,17,80,583,10ms,439ms,76ms,160ms
11620,q-conv-clustered,b,c44dc1fc-8f74-43dd-9566-d8b2be710def,19f93205-ff11-47c3-b4b8-db926d41e997,257,8,80,583,11ms,790ms,187ms,253ms
11640,q-conv-clustered,b,eee42173-a8dc-4a3f-be3d-79f44dada5b3,948cacaf-3058-4439-8b5b-262f9fd78a80,65,22,80,583,9.4ms,165ms,39ms,61ms
11650,q-conv-clustered,b,c44dc1fc-8f74-43dd-9566-d8b2be710def,917b30da-0434-4c9f-bfa4-decbeedfee11,166,13,80,583,11ms,289ms,120ms,161ms
11660,q-conv-clustered,b,34d23bae-68b6-4c1a-b15c-043c8f1c52b9,82493786-6b4e-4598-8f85-ab780dcc9cfe,144,17,82,584,9.3ms,303ms,39ms,140ms
11670,q-conv-clustered,b,11eaa9c3-4b8f-45e3-b426-78c6d8e7e252,ee4a1475-eed0-42e9-b4c3-4bc2da895fb7,145,18,80,583,8.5ms,225ms,61ms,140ms
11680,q-conv-clustered,b,11eaa9c3-4b8f-45e3-b426-78c6d8e7e252,2467b2b2-a0ac-457d-8d04-dc4f69636efd,123,14,80,583,22ms,256ms,116ms,119ms
11690,q-conv-clustered,b,a89d72ec-512f-4655-8c37-b30e5c5e8ec2,870e156c-c4f9-453e-926a-827895649714,262,12,82,585,42ms,675ms,180ms,257ms
11700,q-conv-clustered,b,a89d72ec-512f-4655-8c37-b30e5c5e8ec2,5385e7fe-ed8b-4b00-b788-bce4240d5b1a,240,12,82,585,10ms,596ms,180ms,236ms
11710,q-conv-clustered,b,34d23bae-68b6-4c1a-b15c-043c8f1c52b9,15df4ca3-7663-416f-a376-e73576a9ab96,78,12,82,584,9.2ms,126ms,26ms,73ms
11720,q-conv-clustered,b,c8b9a016-520f-4f67-a382-3a944aa907fb,fe22d4bc-6a4c-49af-9a0b-ab42e4297ffe,50,9,80,583,8.5ms,74ms,17ms,46ms
11730,q-conv-clustered,b,34d23bae-68b6-4c1a-b15c-043c8f1c52b9,de23b346-ab77-43b6-8962-fc2ed7414f68,154,8,82,584,10ms,307ms,95ms,150ms
11740,q-conv-clustered,b,eee42173-a8dc-4a3f-be3d-79f44dada5b3,4212252b-eaf0-474c-84b5-12a286a73789,47,8,80,583,13ms,78ms,17ms,44ms
11750,q-conv-clustered,b,34d23bae-68b6-4c1a-b15c-043c8f1c52b9,f9ab54af-c50f-4fcb-8bf5-0988f25e5d27,299,7,82,584,12ms,615ms,54ms,296ms
11770,q-conv-clustered,b,a89d72ec-512f-4655-8c37-b30e5c5e8ec2,85f3a8a7-f4ad-4b23-9f52-d53f9aa17d98,44,6,82,585,9.9ms,100ms,29ms,39ms
11760,q-conv-clustered,b,c8b9a016-520f-4f67-a382-3a944aa907fb,32f99f7c-983c-4310-a368-b0f251912f8e,218,14,80,583,10ms,554ms,145ms,213ms
11780,q-conv-clustered,b,c44dc1fc-8f74-43dd-9566-d8b2be710def,72afc10b-91da-491e-a3ac-2a049103eb0f,53,12,80,583,10ms,102ms,30ms,49ms
11790,q-conv-clustered,b,11eaa9c3-4b8f-45e3-b426-78c6d8e7e252,aff05aef-3bb7-4985-af63-7f0f809325e0,182,16,80,583,10ms,540ms,173ms,177ms
11800,q-conv-clustered,b,c44dc1fc-8f74-43dd-9566-d8b2be710def,c992147d-ce02-460f-9925-74b450b760c9,74,12,80,583,10ms,118ms,56ms,70ms
11810,q-conv-clustered,b,a89d72ec-512f-4655-8c37-b30e5c5e8ec2,b181af9a-59c6-4aab-95ff-16da247eb940,73,10,82,585,9.0ms,194ms,43ms,69ms
11820,q-conv-clustered,b,eee42173-a8dc-4a3f-be3d-79f44dada5b3,84bfd75b-2458-44b8-9a8d-ab041e327c5f,63,11,80,583,11ms,151ms,29ms,59ms
11830,q-conv-clustered,b,eee42173-a8dc-4a3f-be3d-79f44dada5b3,ef69c1da-2616-4d54-aa68-32f94501f323,41,15,80,583,11ms,123ms,47ms,37ms
11840,q-conv-clustered,b,93d95799-3257-409f-9a1f-c4e6b1acbac7,30453506-5d8b-48be-8cb6-7beffcf34ee9,96,10,80,582,9.8ms,162ms,42ms,93ms
11850,q-conv-clustered,b,93d95799-3257-409f-9a1f-c4e6b1acbac7,1a243934-789c-44e6-9a0f-967fc02baf4b,77,12,80,582,8.7ms,111ms,62ms,73ms
11860,q-conv-clustered,b,eee42173-a8dc-4a3f-be3d-79f44dada5b3,021a0ce7-2e5b-4cbb-9773-a6bc1569aa5b,40,12,80,583,9.1ms,99ms,14ms,36ms
11870,q-conv-clustered,b,a89d72ec-512f-4655-8c37-b30e5c5e8ec2,169c4355-54b6-45c4-9729-cce4c1b58fb1,194,11,82,585,72ms,414ms,98ms,190ms
11880,q-conv-clustered,b,11eaa9c3-4b8f-45e3-b426-78c6d8e7e252,9d16ddd8-c583-4700-a08f-1a20fd99c7f8,116,11,80,583,42ms,114ms,30ms,112ms
11890,q-conv-clustered,b,eee42173-a8dc-4a3f-be3d-79f44dada5b3,69ff432b-4a3f-4a1e-b9fd-88299002cb02,43,15,80,583,13ms,130ms,22ms,39ms
11900,q-conv-clustered,b,c44dc1fc-8f74-43dd-9566-d8b2be710def,5aaf39d9-d808-449e-bddb-91d0a774a809,110,12,80,583,10ms,195ms,44ms,104ms
11910,q-conv-clustered,b,c44dc1fc-8f74-43dd-9566-d8b2be710def,085b3de0-1f27-4976-a200-d6e9ea5beb09,121,9,80,583,12ms,309ms,129ms,116ms
11920,q-conv-clustered,b,93d95799-3257-409f-9a1f-c4e6b1acbac7,25ee77d8-c583-4923-910c-236834e254b0,37,11,80,582,10ms,50ms,13ms,33ms
11930,q-conv-clustered,b,d0e931bf-8378-4377-b448-32cdcd142fca,5a1fa55f-a422-41b0-ac1d-7506f602d059,105,8,80,582,10ms,241ms,56ms,100ms
11940,q-conv-clustered,b,68b4d330-7ca0-476a-b224-b26bc3176700,a1dc3551-35ff-4247-aad7-f355cb0bc604,93,20,80,583,10.0ms,224ms,79ms,89ms
11950,q-conv-clustered,b,ab7c56b6-9c1e-4dc5-8f25-0eb5644ae210,479c85fd-c2da-496b-a6d1-e2bce14d6741,77,8,82,585,11ms,136ms,28ms,72ms
11960,q-conv-clustered,b,eee42173-a8dc-4a3f-be3d-79f44dada5b3,2172f9c3-2036-4628-a0eb-8008419979cb,69,9,80,583,10ms,239ms,43ms,65ms
11970,q-conv-clustered,b,68b4d330-7ca0-476a-b224-b26bc3176700,bad3bbc9-3b2d-43ae-8445-45b23e96fe7b,47,11,80,583,11ms,92ms,34ms,43ms
11980,q-conv-clustered,b,c8b9a016-520f-4f67-a382-3a944aa907fb,8510b0d0-1cc6-4569-b610-2e3373009ee3,41,10,80,583,10.0ms,77ms,51ms,36ms
11990,q-conv-clustered,b,ab7c56b6-9c1e-4dc5-8f25-0eb5644ae210,b660b2c9-5196-441b-870e-3b51716e8998,152,11,82,585,11ms,277ms,149ms,148ms
12000,q-conv-clustered,b,68b4d330-7ca0-476a-b224-b26bc3176700,0dfbc960-6f0f-48b0-9a92-b26517697b05,88,6,80,583,9.9ms,209ms,41ms,80ms
12010,q-conv-clustered,b,c8b9a016-520f-4f67-a382-3a944aa907fb,2e82bc3b-9b93-40fc-81e2-05f3af60b9c8,120,12,80,583,10ms,368ms,71ms,115ms
12020,q-conv-clustered,b,93d95799-3257-409f-9a1f-c4e6b1acbac7,cffa6173-83b5-4cba-ac1e-b1a563e4d0d6,148,12,80,582,10ms,410ms,76ms,144ms
12030,q-conv-clustered,b,ab7c56b6-9c1e-4dc5-8f25-0eb5644ae210,b0b72fcc-6359-4043-a1c8-7c12d17f53de,83,13,82,585,12ms,168ms,34ms,78ms
12040,q-conv-clustered,b,ab7c56b6-9c1e-4dc5-8f25-0eb5644ae210,9e6bca3e-0b78-4098-a77e-a044f9156a7a,116,15,82,585,39ms,375ms,94ms,113ms
12050,q-conv-clustered,b,d0e931bf-8378-4377-b448-32cdcd142fca,ef07e0a9-55e0-4c39-a83d-7d8d073a9d24,74,19,80,582,10ms,102ms,55ms,70ms
12060,q-conv-clustered,b,34d23bae-68b6-4c1a-b15c-043c8f1c52b9,a6bda128-bdb9-4159-80d9-b2cde66413e5,210,8,82,584,11ms,697ms,142ms,204ms
12070,q-conv-clustered,b,a89d72ec-512f-4655-8c37-b30e5c5e8ec2,4917c3ff-c73d-4e3d-84e9-d2378dfe11c8,60,13,82,585,12ms,73ms,40ms,55ms
12080,q-conv-clustered,b,93d95799-3257-409f-9a1f-c4e6b1acbac7,47b06bb4-2eb1-4041-b759-7ca4b0e91710,73,9,80,582,11ms,191ms,80ms,69ms
12090,q-conv-clustered,b,93d95799-3257-409f-9a1f-c4e6b1acbac7,9863510c-93d1-4060-9e7c-9696061fc79a,122,17,80,582,8.6ms,205ms,52ms,119ms
12100,q-conv-clustered,b,c8b9a016-520f-4f67-a382-3a944aa907fb,00d3e571-1225-46c5-b314-a62573c74354,169,10,80,583,26ms,607ms,91ms,164ms
12110,q-conv-clustered,b,68b4d330-7ca0-476a-b224-b26bc3176700,ec3ddaac-7c4d-499e-812d-3fd5ed10e579,112,10,80,583,22ms,287ms,52ms,108ms
12120,q-conv-clustered,b,93d95799-3257-409f-9a1f-c4e6b1acbac7,61331177-8c14-4964-a155-06b1006617c6,126,8,80,582,16ms,304ms,48ms,122ms
12140,q-conv-clustered,b,a89d72ec-512f-4655-8c37-b30e5c5e8ec2,af5f8b50-8f90-43c6-8ef7-6b9921a8e0c9,31,5,82,585,9.9ms,42ms,17ms,27ms
12130,q-conv-clustered,b,93d95799-3257-409f-9a1f-c4e6b1acbac7,65571104-e561-4727-ad2d-42e0087a53e4,229,14,80,582,18ms,596ms,180ms,225ms
12150,q-conv-clustered,b,93d95799-3257-409f-9a1f-c4e6b1acbac7,fac5c3a2-6ebb-449e-8f35-d9a675f01a04,158,3,80,582,9.9ms,463ms,101ms,154ms
12160,q-conv-clustered,b,93d95799-3257-409f-9a1f-c4e6b1acbac7,cb2eaefa-1e53-4d64-919d-f31ddab35de7,114,11,80,582,22ms,304ms,79ms,110ms
12170,q-conv-clustered,b,68b4d330-7ca0-476a-b224-b26bc3176700,c846ea92-b9dc-4d6f-8170-0903c936e391,74,12,80,583,9.0ms,193ms,18ms,70ms
12180,q-conv-clustered,b,11eaa9c3-4b8f-45e3-b426-78c6d8e7e252,5216ea1c-6043-4c35-b628-d3fe243e39e2,215,10,80,583,54ms,588ms,130ms,211ms
12190,q-conv-clustered,b,c8b9a016-520f-4f67-a382-3a944aa907fb,47b134fa-505a-4b9b-8ab6-a41ecd0790e4,89,15,80,583,9.6ms,204ms,113ms,84ms
12200,q-conv-clustered,b,11eaa9c3-4b8f-45e3-b426-78c6d8e7e252,5f65e9a7-713b-481b-80f7-8bed1f92624a,128,5,80,583,11ms,380ms,35ms,120ms
12210,q-conv-clustered,b,93d95799-3257-409f-9a1f-c4e6b1acbac7,f70385bd-7660-4638-a10e-f42d960d7190,184,9,80,582,12ms,438ms,108ms,180ms
12220,q-conv-clustered,b,ab7c56b6-9c1e-4dc5-8f25-0eb5644ae210,aa3e90d9-14cc-4a56-9182-1d977bbc8d4e,173,18,82,585,15ms,300ms,74ms,169ms
12240,q-conv-clustered,b,11eaa9c3-4b8f-45e3-b426-78c6d8e7e252,3d875bb7-0acd-42fb-ba0f-ce76478895c1,47,9,80,583,9.2ms,107ms,12ms,43ms
12230,q-conv-clustered,b,c44dc1fc-8f74-43dd-9566-d8b2be710def,546030c2-696d-4a27-8d0f-04ae996f346c,195,8,80,583,13ms,614ms,112ms,191ms
12250,q-conv-clustered,b,ab7c56b6-9c1e-4dc5-8f25-0eb5644ae210,4e2356cd-73df-4816-951e-97cedb3dc103,104,11,82,585,40ms,288ms,44ms,100ms
12260,q-conv-clustered,b,c44dc1fc-8f74-43dd-9566-d8b2be710def,08374d6a-eb10-4a25-9930-4766d1070a0c,43,8,80,583,11ms,83ms,23ms,37ms
12270,q-conv-clustered,b,a89d72ec-512f-4655-8c37-b30e5c5e8ec2,47fb6180-e10c-4af7-afe9-5884e8123904,90,16,82,585,11ms,269ms,80ms,85ms
12280,q-conv-clustered,b,a89d72ec-512f-4655-8c37-b30e5c5e8ec2,15811535-43a6-4be2-a794-6ede72157beb,146,12,82,585,9.2ms,463ms,194ms,141ms
12290,q-conv-clustered,b,c8b9a016-520f-4f67-a382-3a944aa907fb,089ea067-3720-4cba-896b-ff0041f55f67,95,14,80,583,11ms,274ms,111ms,91ms
12310,q-conv-clustered,b,ab7c56b6-9c1e-4dc5-8f25-0eb5644ae210,7fef9b53-65b4-4c7c-ab9d-925094720903,47,12,82,585,11ms,93ms,13ms,42ms
12300,q-conv-clustered,b,c44dc1fc-8f74-43dd-9566-d8b2be710def,fe5ee9d7-8cb3-44b7-a179-78fb9f27912c,156,8,80,583,15ms,490ms,177ms,152ms
12320,q-conv-clustered,b,68b4d330-7ca0-476a-b224-b26bc3176700,fb61d81f-3b66-4b9e-90a4-36a9ebc5eeb6,253,16,80,583,13ms,628ms,129ms,249ms
12330,q-conv-clustered,b,34d23bae-68b6-4c1a-b15c-043c8f1c52b9,a87b3132-1844-4c6e-b77f-f3b01f04c282,162,8,82,584,11ms,563ms,102ms,158ms
12340,q-conv-clustered,b,c44dc1fc-8f74-43dd-9566-d8b2be710def,91547ce8-ba2b-4e03-92b2-42ef83e63e07,166,10,80,583,12ms,429ms,197ms,162ms
12350,q-conv-clustered,b,68b4d330-7ca0-476a-b224-b26bc3176700,378f6237-382c-42a1-a706-1aea508978dd,158,11,80,583,9.0ms,407ms,160ms,155ms
12360,q-conv-clustered,b,11eaa9c3-4b8f-45e3-b426-78c6d8e7e252,fc31accb-482c-40a7-9fce-aa07a3ff06cc,64,7,80,583,11ms,78ms,29ms,59ms
12370,q-conv-clustered,b,11eaa9c3-4b8f-45e3-b426-78c6d8e7e252,dbff197f-4f4e-458d-b920-9271e2df8b0e,42,12,80,583,8.0ms,50ms,29ms,38ms
12380,q-conv-clustered,b,34d23bae-68b6-4c1a-b15c-043c8f1c52b9,252c40f5-5e3f-45b8-a78a-4f2342a60fd6,199,14,82,584,34ms,471ms,89ms,195ms
12390,q-conv-clustered,b,c8b9a016-520f-4f67-a382-3a944aa907fb,bf7156e8-6407-420a-8043-dd437f328bab,215,5,80,583,13ms,559ms,126ms,210ms
12400,q-conv-clustered,b,c44dc1fc-8f74-43dd-9566-d8b2be710def,508ee6b2-b09b-409a-acca-79b17c449f03,161,11,80,583,16ms,369ms,87ms,157ms
12410,q-conv-clustered,b,eee42173-a8dc-4a3f-be3d-79f44dada5b3,b5d144e3-dd4e-4653-8f5f-9e353a8edad6,47,9,80,583,12ms,143ms,61ms,43ms
12430,q-conv-clustered,b,c8b9a016-520f-4f67-a382-3a944aa907fb,b03c61a2-25df-4390-a7c2-79c1d7fe1863,113,10,80,583,11ms,338ms,71ms,109ms
12420,q-conv-clustered,b,68b4d330-7ca0-476a-b224-b26bc3176700,2a6b5836-3da2-4e2d-8284-db19e8ef832f,253,10,80,583,11ms,697ms,54ms,248ms
12440,q-conv-clustered,b,93d95799-3257-409f-9a1f-c4e6b1acbac7,c6250cc5-ce68-4889-95d4-856053f189a5,102,5,80,582,9.6ms,230ms,120ms,97ms
12450,q-conv-clustered,b,a89d72ec-512f-4655-8c37-b30e5c5e8ec2,ab89df67-0d10-4cc8-844a-25deafc3fab9,105,12,82,585,9.7ms,240ms,37ms,101ms
12460,q-conv-clustered,b,ab7c56b6-9c1e-4dc5-8f25-0eb5644ae210,2f08ffc5-1b53-4187-88a5-553fa7adaafa,150,9,82,585,11ms,354ms,14ms,147ms
12470,q-conv-clustered,b,a89d72ec-512f-4655-8c37-b30e5c5e8ec2,65e89100-e95f-425a-812a-0b21a4c29a21,114,8,82,585,8.9ms,307ms,180ms,110ms
12480,q-conv-clustered,b,93d95799-3257-409f-9a1f-c4e6b1acbac7,2b499c22-28eb-48fe-8cf6-81bb27bf1d99,77,12,80,582,35ms,191ms,44ms,73ms
12490,q-conv-clustered,b,ab7c56b6-9c1e-4dc5-8f25-0eb5644ae210,dbd9b79e-3d0a-44bc-ba2b-d019e1f26787,102,17,82,585,10ms,271ms,60ms,99ms
12500,q-conv-clustered,b,11eaa9c3-4b8f-45e3-b426-78c6d8e7e252,d9b35fb3-0ba3-4ca5-9724-11d14e974e62,221,14,80,583,11ms,540ms,95ms,217ms
12510,q-conv-clustered,b,a89d72ec-512f-4655-8c37-b30e5c5e8ec2,cb2938e4-eb2a-4343-8adb-604a81f258ae,189,15,82,585,11ms,272ms,39ms,184ms
12520,q-conv-clustered,b,eee42173-a8dc-4a3f-be3d-79f44dada5b3,4f1d7a71-67a5-443a-a478-804d6b65fa3c,63,10,80,583,12ms,147ms,17ms,59ms
12530,q-conv-clustered,b,a89d72ec-512f-4655-8c37-b30e5c5e8ec2,4ccde7b5-9a1c-460d-888d-aadb04404d6e,41,14,82,585,12ms,118ms,41ms,35ms
12540,q-conv-clustered,b,d0e931bf-8378-4377-b448-32cdcd142fca,586ddb99-0f1e-4c51-90dd-2de8c8b0f671,106,10,80,582,8.6ms,237ms,142ms,102ms
12550,q-conv-clustered,b,11eaa9c3-4b8f-45e3-b426-78c6d8e7e252,bd2460d7-6310-4fcf-ac06-28b051224867,133,9,80,583,9.9ms,308ms,55ms,129ms
12560,q-conv-clustered,b,c44dc1fc-8f74-43dd-9566-d8b2be710def,0b618ca7-0c2d-426d-ace8-9f89e789132e,149,13,80,583,13ms,526ms,97ms,146ms
12570,q-conv-clustered,b,34d23bae-68b6-4c1a-b15c-043c8f1c52b9,b559048a-4b88-449f-a730-46f912694273,104,11,82,584,11ms,137ms,49ms,100ms
12580,q-conv-clustered,b,c44dc1fc-8f74-43dd-9566-d8b2be710def,ad8fb0f9-60fb-4ede-8dad-c1eba0227112,56,13,80,583,12ms,142ms,62ms,51ms
12600,q-conv-clustered,b,ab7c56b6-9c1e-4dc5-8f25-0eb5644ae210,3b79a21c-7d1c-4a72-868e-69d27df7cbce,130,7,82,585,19ms,399ms,102ms,126ms
12590,q-conv-clustered,b,11eaa9c3-4b8f-45e3-b426-78c6d8e7e252,4d07cb56-5b13-4010-8477-90d249705b84,290,8,80,583,12ms,978ms,173ms,286ms
12610,q-conv-clustered,b,d0e931bf-8378-4377-b448-32cdcd142fca,1be09c0c-98f6-434b-9bcf-93bdc02f0fb1,168,11,80,582,13ms,351ms,183ms,164ms
12620,q-conv-clustered,b,c44dc1fc-8f74-43dd-9566-d8b2be710def,cd24236a-df3b-48a2-a703-896a2a27aa00,36,8,80,583,15ms,75ms,40ms,33ms
12630,q-conv-clustered,b,eee42173-a8dc-4a3f-be3d-79f44dada5b3,a1f6d3da-93ed-40cd-92f5-6169f303b2b3,41,14,80,583,13ms,76ms,48ms,37ms
12640,q-conv-clustered,b,c8b9a016-520f-4f67-a382-3a944aa907fb,f4d72138-5b1d-4e10-945a-5e9da08d7fa5,125,15,80,583,11ms,278ms,48ms,120ms
12650,q-conv-clustered,b,c44dc1fc-8f74-43dd-9566-d8b2be710def,e5046e74-54a2-4f9a-b3b8-e53516bc8b41,228,14,80,583,15ms,557ms,125ms,222ms
12670,q-conv-clustered,b,eee42173-a8dc-4a3f-be3d-79f44dada5b3,6fb879d5-6a5b-4d86-823f-1ec7ed876712,71,10,80,583,11ms,242ms,19ms,66ms
12660,q-conv-clustered,b,34d23bae-68b6-4c1a-b15c-043c8f1c52b9,914ad444-71cd-40f6-9927-e941086d3d05,279,13,82,584,33ms,881ms,164ms,275ms
12680,q-conv-clustered,b,93d95799-3257-409f-9a1f-c4e6b1acbac7,f8104fe5-2eb7-469b-b8f5-8e9e00e5c17b,163,13,80,582,10ms,516ms,90ms,159ms
12690,q-conv-clustered,b,11eaa9c3-4b8f-45e3-b426-78c6d8e7e252,58ca9132-bb24-46f2-baf1-0e7de23b9f4f,95,3,80,583,11ms,116ms,14ms,90ms
12700,q-conv-clustered,b,11eaa9c3-4b8f-45e3-b426-78c6d8e7e252,b0f2e17d-114e-40b4-ae81-0db39e73ecce,51,11,80,583,8.6ms,158ms,20ms,47ms
12710,q-conv-clustered,b,eee42173-a8dc-4a3f-be3d-79f44dada5b3,9ea72f74-ee9d-4e62-bc3c-becbe29b91bf,40,17,80,583,12ms,52ms,28ms,36ms
12720,q-conv-clustered,b,c8b9a016-520f-4f67-a382-3a944aa907fb,a23afc26-3fff-4120-b5c0-bf3ad7fa431c,104,8,80,583,33ms,336ms,39ms,99ms
12730,q-conv-clustered,b,d0e931bf-8378-4377-b448-32cdcd142fca,d7c2a333-8fef-4eda-ac96-5f283b54fc1b,69,13,80,582,12ms,186ms,35ms,64ms
12740,q-conv-clustered,b,c8b9a016-520f-4f67-a382-3a944aa907fb,b71b6397-071e-49e2-a4c9-2f93d3d24c04,75,15,80,583,8.8ms,152ms,47ms,72ms
12750,q-conv-clustered,b,a89d72ec-512f-4655-8c37-b30e5c5e8ec2,9e92a12f-b0c1-4c2d-a749-69c079dbc8ef,125,7,82,585,9.9ms,195ms,129ms,121ms
12760,q-conv-clustered,b,d0e931bf-8378-4377-b448-32cdcd142fca,b06c54ae-fadc-4292-a0aa-833ed0c6d790,33,7,80,582,10ms,53ms,23ms,31ms
12770,q-conv-clustered,b,c44dc1fc-8f74-43dd-9566-d8b2be710def,55b0ecd3-212c-4dea-9ac8-fdfa0f781129,109,9,80,583,10ms,168ms,88ms,106ms
12780,q-conv-clustered,b,eee42173-a8dc-4a3f-be3d-79f44dada5b3,c5aace0d-6eb9-4eb1-9b05-e699deaf2894,65,11,80,583,10ms,152ms,74ms,61ms
12790,q-conv-clustered,b,c44dc1fc-8f74-43dd-9566-d8b2be710def,a2338f2f-c33d-4ec8-86d9-c205a4ea4d2a,110,6,80,583,21ms,258ms,51ms,106ms
12800,q-conv-clustered,b,a89d72ec-512f-4655-8c37-b30e5c5e8ec2,9069f6a5-3bbb-4e70-96cb-9c1106a26ab4,115,13,82,585,10ms,185ms,97ms,109ms
12810,q-conv-clustered,b,93d95799-3257-409f-9a1f-c4e6b1acbac7,aa827dbb-68dc-4f18-8fba-30e325384d58,164,15,80,582,9.1ms,407ms,25ms,160ms
12820,q-conv-clustered,b,d0e931bf-8378-4377-b448-32cdcd142fca,2faf1f91-5cb5-4dcd-84ba-68fc6b15776d,66,12,80,582,10ms,109ms,30ms,63ms
12830,q-conv-clustered,b,c8b9a016-520f-4f67-a382-3a944aa907fb,415d8223-27e9-471c-a404-af7f65592d5c,142,16,80,583,9.2ms,205ms,70ms,139ms
12840,q-conv-clustered,b,11eaa9c3-4b8f-45e3-b426-78c6d8e7e252,5824dbb5-3a05-402d-8a73-1dd39257c666,60,8,80,583,9.6ms,79ms,13ms,56ms
12850,q-conv-clustered,b,93d95799-3257-409f-9a1f-c4e6b1acbac7,4817102e-ba84-4362-a221-d3ef2a36c3c1,74,6,80,582,9.7ms,221ms,39ms,69ms
12860,q-conv-clustered,b,34d23bae-68b6-4c1a-b15c-043c8f1c52b9,e9667a71-1098-4591-992a-4587704c3ff6,95,4,82,584,11ms,146ms,51ms,92ms
12870,q-conv-clustered,b,ab7c56b6-9c1e-4dc5-8f25-0eb5644ae210,0ed28d87-46ef-499d-86f9-75a5482bf822,103,12,82,585,11ms,262ms,83ms,97ms
12880,q-conv-clustered,b,eee42173-a8dc-4a3f-be3d-79f44dada5b3,cd6b4d1e-147b-45c9-84b5-f9c289deb4dc,60,14,80,583,10ms,68ms,45ms,55ms
12890,q-conv-clustered,b,68b4d330-7ca0-476a-b224-b26bc3176700,651dd270-8a59-43c3-ac32-2a36892ff846,123,14,80,583,10ms,197ms,60ms,117ms
12900,q-conv-clustered,b,c8b9a016-520f-4f67-a382-3a944aa907fb,e6e2fff6-8d41-4d73-95f3-2e993311d16f,147,11,80,583,9.2ms,411ms,198ms,142ms
12910,q-conv-clustered,b,93d95799-3257-409f-9a1f-c4e6b1acbac7,4c4bfe64-970c-4400-84b0-d18d88fb2fe9,148,10,80,582,9.8ms,241ms,85ms,143ms
12920,q-conv-clustered,b,c8b9a016-520f-4f67-a382-3a944aa907fb,55650a73-5937-463e-a9d8-7e2cbcbd745f,115,14,80,583,30ms,291ms,116ms,112ms
12930,q-conv-clustered,b,68b4d330-7ca0-476a-b224-b26bc3176700,73746584-e6b0-41ac-926b-e8f9a11f8d7d,196,10,80,583,33ms,630ms,258ms,192ms
12940,q-conv-clustered,b,d0e931bf-8378-4377-b448-32cdcd142fca,41acd7c4-a853-4157-953e-4ba7d4929c63,67,13,80,582,10ms,114ms,18ms,63ms
12950,q-conv-clustered,b,c8b9a016-520f-4f67-a382-3a944aa907fb,0798016c-f682-424e-a98f-db532e17da3f,97,17,80,583,30ms,273ms,57ms,92ms
12960,q-conv-clustered,b,a89d72ec-512f-4655-8c37-b30e5c5e8ec2,3c6611f4-8f88-42d1-98ff-c1002499d0f4,42,10,82,585,11ms,75ms,45ms,37ms
12980,q-conv-clustered,b,d0e931bf-8378-4377-b448-32cdcd142fca,e1d2ea46-68cb-4263-bf26-c7ae1ef42de8,43,18,80,582,9.9ms,68ms,29ms,38ms
12970,q-conv-clustered,b,34d23bae-68b6-4c1a-b15c-043c8f1c52b9,c03dc346-2e09-4e39-a3a4-c77d6399043b,232,7,82,584,11ms,673ms,136ms,228ms
12990,q-conv-clustered,b,d0e931bf-8378-4377-b448-32cdcd142fca,26e8c720-7621-47d5-aefd-9ac808155de8,63,8,80,582,9.0ms,130ms,64ms,59ms
13000,q-conv-clustered,b,a89d72ec-512f-4655-8c37-b30e5c5e8ec2,c18216a1-5373-44d7-8104-7858c0866ef9,151,11,82,585,9.1ms,454ms,116ms,146ms
13010,q-conv-clustered,b,93d95799-3257-409f-9a1f-c4e6b1acbac7,56603e05-86b8-4dda-ba2c-a7a5ec4c99a0,151,21,80,582,11ms,331ms,26ms,147ms
13030,q-conv-clustered,b,34d23bae-68b6-4c1a-b15c-043c8f1c52b9,5e3ee0c8-eff9-472b-a7b4-492d398aa9e5,43,10,82,584,11ms,127ms,19ms,38ms
13020,q-conv-clustered,b,11eaa9c3-4b8f-45e3-b426-78c6d8e7e252,da4fe7ff-5329-4c26-9264-40ea482ba715,164,14,80,583,9.5ms,266ms,55ms,159ms
13040,q-conv-clustered,b,11eaa9c3-4b8f-45e3-b426-78c6d8e7e252,0461029b-ddf3-4d3d-aecf-1725aaae15be,166,6,80,583,11ms,461ms,116ms,161ms
13050,q-conv-clustered,b,c44dc1fc-8f74-43dd-9566-d8b2be710def,5daee2a2-bde4-45c6-93af-4d604e01afc2,69,17,80,583,12ms,159ms,66ms,64ms
13060,q-conv-clustered,b,a89d72ec-512f-4655-8c37-b30e5c5e8ec2,0acb8229-fa67-41fe-8d8c-183a47479a13,130,8,82,585,11ms,220ms,56ms,127ms
13070,q-conv-clustered,b,a89d72ec-512f-4655-8c37-b30e5c5e8ec2,e7aaa678-ce6b-4735-83a2-a6e36408009b,147,16,82,585,9.9ms,415ms,189ms,143ms
13090,q-conv-clustered,b,eee42173-a8dc-4a3f-be3d-79f44dada5b3,dbe5ebe9-bab8-4144-8423-4e51dfc6a5b8,37,7,80,583,11ms,53ms,26ms,34ms
13080,q-conv-clustered,b,a89d72ec-512f-4655-8c37-b30e5c5e8ec2,548323a1-4d1c-4196-89ef-403d1d6c639c,154,11,82,585,13ms,398ms,59ms,151ms
13110,q-conv-clustered,b,ab7c56b6-9c1e-4dc5-8f25-0eb5644ae210,8692baa0-8ed1-4274-bb90-5692bd02ec32,34,16,82,585,11ms,48ms,22ms,30ms
13100,q-conv-clustered,b,68b4d330-7ca0-476a-b224-b26bc3176700,a4e8e4b3-35e9-4212-b336-cade17de2e6d,161,17,80,583,9.9ms,215ms,42ms,157ms
13120,q-conv-clustered,b,d0e931bf-8378-4377-b448-32cdcd142fca,5db58d44-6ef4-40cd-9a34-2eadc781a3e9,118,13,80,582,13ms,298ms,53ms,115ms
13130,q-conv-clustered,b,c44dc1fc-8f74-43dd-9566-d8b2be710def,bc0e75d6-d2d7-4212-ae45-aaa4d24bdf72,95,10,80,583,24ms,289ms,119ms,88ms
13140,q-conv-clustered,b,34d23bae-68b6-4c1a-b15c-043c8f1c52b9,ca4a7a42-1e1b-4c68-b133-2d8a7b7957c8,169,13,82,584,11ms,453ms,186ms,165ms
13160,q-conv-clustered,b,a89d72ec-512f-4655-8c37-b30e5c5e8ec2,56d86510-fff5-4732-96f3-a5f6802bc0e6,43,16,82,585,15ms,86ms,17ms,38ms
13150,q-conv-clustered,b,c44dc1fc-8f74-43dd-9566-d8b2be710def,9f52be7b-1aea-49d1-83c2-7fb21c90c1c9,247,14,80,583,53ms,615ms,144ms,243ms
13170,q-conv-clustered,b,c44dc1fc-8f74-43dd-9566-d8b2be710def,5d8bb461-db4d-465d-989f-ec4085145821,114,9,80,583,32ms,313ms,18ms,110ms
13180,q-conv-clustered,b,a89d72ec-512f-4655-8c37-b30e5c5e8ec2,a18d0ef1-57ce-4b76-acd5-1d8e0d58137f,168,13,82,585,8.6ms,352ms,105ms,162ms
13190,q-conv-clustered,b,c44dc1fc-8f74-43dd-9566-d8b2be710def,a7f6dec8-9a7b-4286-8f0b-a1a668fd7f6e,63,11,80,583,34ms,177ms,94ms,59ms
13200,q-conv-clustered,b,d0e931bf-8378-4377-b448-32cdcd142fca,02c9cf2f-0050-4ed6-8c5c-c9174e950638,51,17,80,582,11ms,84ms,26ms,48ms
13210,q-conv-clustered,b,d0e931bf-8378-4377-b448-32cdcd142fca,d50ebdd1-4c17-4148-b33c-eb39263256e8,106,9,80,582,12ms,173ms,53ms,102ms
13230,q-conv-clustered,b,eee42173-a8dc-4a3f-be3d-79f44dada5b3,138fdef9-cfaf-4253-8609-d63e158608c7,37,18,80,583,9.8ms,49ms,14ms,32ms
13220,q-conv-clustered,b,a89d72ec-512f-4655-8c37-b30e5c5e8ec2,b43a3f8e-d246-4ce3-a371-1303574b2c8d,142,17,82,585,9.5ms,293ms,42ms,138ms
13240,q-conv-clustered,b,11eaa9c3-4b8f-45e3-b426-78c6d8e7e252,b0f2e17d-114e-40b4-ae81-0db39e73ecce,122,11,80,583,8.8ms,300ms,56ms,119ms
13250,q-conv-clustered,b,ab7c56b6-9c1e-4dc5-8f25-0eb5644ae210,606fbc91-02fc-4f94-a30e-517dc361edec,59,16,82,585,10ms,154ms,25ms,55ms
13260,q-conv-clustered,b,d0e931bf-8378-4377-b448-32cdcd142fca,13759b89-198c-465d-9e99-3eafcdeca526,172,15,80,582,9.4ms,426ms,76ms,167ms
13270,q-conv-clustered,b,ab7c56b6-9c1e-4dc5-8f25-0eb5644ae210,4aad79f9-1c20-44f7-84bf-78234e1201da,108,9,82,585,10ms,229ms,84ms,103ms
13280,q-conv-clustered,b,ab7c56b6-9c1e-4dc5-8f25-0eb5644ae210,c0505557-3418-4764-9e0c-5165de5c0432,110,7,82,585,9.6ms,199ms,64ms,107ms
13290,q-conv-clustered,b,ab7c56b6-9c1e-4dc5-8f25-0eb5644ae210,ad915ee6-1ed1-4656-abbd-5c6b062c028d,139,8,82,585,10ms,283ms,44ms,134ms
13300,q-conv-clustered,b,34d23bae-68b6-4c1a-b15c-043c8f1c52b9,da1ca938-1616-46d5-ad5a-697eb746c046,130,11,82,584,35ms,362ms,114ms,126ms
13310,q-conv-clustered,b,c8b9a016-520f-4f67-a382-3a944aa907fb,b3537f02-2251-41ef-9e6e-467c6d3d397e,173,7,80,583,9.6ms,495ms,148ms,168ms
13320,q-conv-clustered,b,11eaa9c3-4b8f-45e3-b426-78c6d8e7e252,1c3f452e-c24c-4ecf-b983-2a3ce5bc6f12,195,11,80,583,11ms,294ms,137ms,191ms
13340,q-conv-clustered,b,ab7c56b6-9c1e-4dc5-8f25-0eb5644ae210,d86cab40-02fe-4148-a8de-bfd470b21494,39,6,82,585,9.8ms,66ms,20ms,33ms
13330,q-conv-clustered,b,c8b9a016-520f-4f67-a382-3a944aa907fb,dbea7a17-97e0-4bd1-90db-fe5c4b31844b,177,15,80,583,10ms,160ms,50ms,173ms
13350,q-conv-clustered,b,68b4d330-7ca0-476a-b224-b26bc3176700,7c940f8a-b19e-4a8d-9312-66362f8669bc,203,15,80,583,10ms,707ms,16ms,198ms
13360,q-conv-clustered,b,eee42173-a8dc-4a3f-be3d-79f44dada5b3,f6ea4a25-6f30-4b50-80ba-d896f65092b3,44,11,80,583,12ms,105ms,50ms,39ms
13370,q-conv-clustered,b,34d23bae-68b6-4c1a-b15c-043c8f1c52b9,2b9b89de-9d50-4499-865f-a00b6dc429d5,113,13,82,584,11ms,184ms,27ms,109ms
13380,q-conv-clustered,b,93d95799-3257-409f-9a1f-c4e6b1acbac7,752e72d3-b199-4793-a0b7-ff7095998da3,47,8,80,582,9.9ms,113ms,25ms,43ms
13390,q-conv-clustered,b,11eaa9c3-4b8f-45e3-b426-78c6d8e7e252,c2f97410-3cdc-42af-a7ee-bebbe517caab,181,11,80,583,8.9ms,502ms,206ms,175ms
13400,q-conv-clustered,b,93d95799-3257-409f-9a1f-c4e6b1acbac7,54a73785-0ff9-4728-a5e4-ead5f143dd50,61,9,80,582,9.6ms,92ms,39ms,57ms
13410,q-conv-clustered,b,34d23bae-68b6-4c1a-b15c-043c8f1c52b9,5b86af84-2151-40b7-9cc4-33fa87429c7e,74,14,82,584,9.6ms,180ms,69ms,71ms
13420,q-conv-clustered,b,68b4d330-7ca0-476a-b224-b26bc3176700,552a6f33-b68f-411a-be0f-b83feb25d70c,84,12,80,583,22ms,231ms,70ms,80ms
13430,q-conv-clustered,b,34d23bae-68b6-4c1a-b15c-043c8f1c52b9,45845615-5b60-4fe9-ac6e-c1afa9ea97ba,172,17,82,584,9.7ms,477ms,135ms,169ms
13440,q-conv-clustered,b,c44dc1fc-8f74-43dd-9566-d8b2be710def,7a313257-b113-4b47-8ae6-c422b0d7f675,119,15,80,583,14ms,194ms,67ms,115ms
13450,q-conv-clustered,b,ab7c56b6-9c1e-4dc5-8f25-0eb5644ae210,a8baaf5b-2e54-46c4-aeb5-b616060f194d,140,22,82,585,12ms,308ms,183ms,136ms
13460,q-conv-clustered,b,11eaa9c3-4b8f-45e3-b426-78c6d8e7e252,22ed98c0-90de-403a-9a52-91c7b8bf0907,167,13,80,583,11ms,233ms,118ms,163ms
13470,q-conv-clustered,b,34d23bae-68b6-4c1a-b15c-043c8f1c52b9,02c656a0-1006-43fe-bb74-419739b21737,129,14,82,584,11ms,447ms,91ms,126ms
13480,q-conv-clustered,b,34d23bae-68b6-4c1a-b15c-043c8f1c52b9,e9ee3cc6-0853-443a-9df9-779774174b51,181,13,82,584,9.3ms,346ms,196ms,176ms
13500,q-conv-clustered,b,93d95799-3257-409f-9a1f-c4e6b1acbac7,8508b4bc-2096-4238-a8c7-6a53edcfdeef,132,9,80,582,9.8ms,273ms,16ms,129ms
13490,q-conv-clustered,b,c44dc1fc-8f74-43dd-9566-d8b2be710def,9d6f3f0c-090e-4e74-8075-0d815d1a328d,291,10,80,583,18ms,777ms,255ms,287ms
13510,q-conv-clustered,b,a89d72ec-512f-4655-8c37-b30e5c5e8ec2,b5dd150d-bbb3-4657-9449-eea72194fbaa,57,12,82,585,8.9ms,84ms,44ms,53ms
13520,q-conv-clustered,b,11eaa9c3-4b8f-45e3-b426-78c6d8e7e252,bf04f44d-fee6-491c-ada3-48da12a7bc97,68,13,80,583,8.9ms,180ms,73ms,64ms
13530,q-conv-clustered,b,c8b9a016-520f-4f67-a382-3a944aa907fb,e10528de-e1ec-4c5f-87d3-41f626d66928,123,13,80,583,9.8ms,174ms,49ms,120ms
13540,q-conv-clustered,b,c8b9a016-520f-4f67-a382-3a944aa907fb,22d11dc4-5959-411a-9efa-15197c2b08dd,108,13,80,583,9.0ms,237ms,73ms,104ms
13550,q-conv-clustered,b,d0e931bf-8378-4377-b448-32cdcd142fca,b2ce9fad-6045-417e-a576-272817b8b885,85,10,80,582,9.5ms,124ms,71ms,81ms
13560,q-conv-clustered,b,11eaa9c3-4b8f-45e3-b426-78c6d8e7e252,14f81663-afff-4258-b1b5-5f5be54d4938,166,8,80,583,9.0ms,194ms,26ms,162ms
13570,q-conv-clustered,b,34d23bae-68b6-4c1a-b15c-043c8f1c52b9,5e1815a8-657c-4d3b-a0a4-0d997ebc1831,68,17,82,584,11ms,168ms,57ms,64ms
13580,q-conv-clustered,b,ab7c56b6-9c1e-4dc5-8f25-0eb5644ae210,ed9b6db2-ce5c-458d-8b80-46bf261b2b0d,164,9,82,585,20ms,502ms,66ms,159ms
13590,q-conv-clustered,b,d0e931bf-8378-4377-b448-32cdcd142fca,837f6f3b-a0c7-4b0b-9746-97219439f81a,216,14,80,582,10ms,672ms,65ms,212ms
13600,q-conv-clustered,b,c8b9a016-520f-4f67-a382-3a944aa907fb,7129017e-fbde-4840-9fac-dc11ae85dd6f,139,18,80,583,9.4ms,278ms,85ms,135ms
13610,q-conv-clustered,b,a89d72ec-512f-4655-8c37-b30e5c5e8ec2,8000848b-5d54-426c-8fb7-d1d4cfb7555f,137,7,82,585,11ms,256ms,59ms,131ms
13630,q-conv-clustered,b,eee42173-a8dc-4a3f-be3d-79f44dada5b3,6a80c2c6-2cfd-45bc-b29e-ab2d181e69eb,49,12,80,583,14ms,131ms,58ms,45ms
13620,q-conv-clustered,b,11eaa9c3-4b8f-45e3-b426-78c6d8e7e252,9b9fe11e-f2e7-481b-888c-aa0cd3134b12,132,10,80,583,9.7ms,176ms,82ms,126ms
13640,q-conv-clustered,b,93d95799-3257-409f-9a1f-c4e6b1acbac7,1f6a542c-d6bc-4573-9b7b-268ac41172a6,113,15,80,582,9.3ms,235ms,18ms,106ms
13650,q-conv-clustered,b,eee42173-a8dc-4a3f-be3d-79f44dada5b3,c96ed68a-c56f-4853-858f-e8180ce13e92,38,11,80,583,12ms,116ms,25ms,34ms
13660,q-conv-clustered,b,93d95799-3257-409f-9a1f-c4e6b1acbac7,3d897c8f-febe-41ff-aff8-97691271ebe6,142,15,80,582,8.8ms,360ms,46ms,138ms
13670,q-conv-clustered,b,93d95799-3257-409f-9a1f-c4e6b1acbac7,edac90c9-5e0f-422f-9cf4-8404b15814cd,118,8,80,582,9.2ms,328ms,81ms,113ms
13680,q-conv-clustered,b,c8b9a016-520f-4f67-a382-3a944aa907fb,e6c6e8ae-9f9f-437f-8272-04e024b4ec4e,123,13,80,583,8.9ms,353ms,97ms,119ms
13690,q-conv-clustered,b,eee42173-a8dc-4a3f-be3d-79f44dada5b3,c5e25343-5b3f-4ab2-9ed6-c7d19b349492,69,9,80,583,9.4ms,177ms,29ms,65ms
13700,q-conv-clustered,b,d0e931bf-8378-4377-b448-32cdcd142fca,b009e790-0c96-42ac-aed3-b8c71eda5f57,84,15,80,582,11ms,250ms,91ms,80ms
13710,q-conv-clustered,b,ab7c56b6-9c1e-4dc5-8f25-0eb5644ae210,8a582f2d-8287-4344-9453-34a95e0b1b84,76,16,82,585,11ms,124ms,43ms,72ms
13720,q-conv-clustered,b,eee42173-a8dc-4a3f-be3d-79f44dada5b3,fb1548de-dd80-458a-834d-762078583efe,51,17,80,583,11ms,64ms,41ms,47ms
13730,q-conv-clustered,b,11eaa9c3-4b8f-45e3-b426-78c6d8e7e252,0043330b-8901-4ce3-a9a4-fc5069e7cf5b,78,6,80,583,9.3ms,191ms,51ms,73ms
13740,q-conv-clustered,b,ab7c56b6-9c1e-4dc5-8f25-0eb5644ae210,7f1a9523-d9dc-4ae7-9ea0-9c5161ba0972,150,10,82,585,11ms,377ms,137ms,146ms
13750,q-conv-clustered,b,11eaa9c3-4b8f-45e3-b426-78c6d8e7e252,1a3f4670-c24c-4399-a00d-6ed3ba3228a3,95,11,80,583,9.7ms,133ms,64ms,92ms
13760,q-conv-clustered,b,a89d72ec-512f-4655-8c37-b30e5c5e8ec2,d6c9a129-a299-43b9-a087-5495b64ef5bc,109,20,82,585,9.0ms,290ms,59ms,102ms
13770,q-conv-clustered,b,d0e931bf-8378-4377-b448-32cdcd142fca,4a9ed742-ffa3-4438-8c20-7bb5c6beacf7,102,17,80,582,9.0ms,153ms,25ms,98ms
13780,q-conv-clustered,b,d0e931bf-8378-4377-b448-32cdcd142fca,626e3072-113d-46ac-82b9-0c1260d73c60,108,12,80,582,10ms,188ms,64ms,104ms
13800,q-conv-clustered,b,c44dc1fc-8f74-43dd-9566-d8b2be710def,5581139d-8f8e-45bd-bda3-0633e82215ae,39,6,80,583,11ms,88ms,23ms,33ms
13790,q-conv-clustered,b,11eaa9c3-4b8f-45e3-b426-78c6d8e7e252,ec947b8a-fdcd-40ff-a2c3-683f8e5713b5,240,10,80,583,11ms,795ms,306ms,237ms
13820,q-conv-clustered,b,68b4d330-7ca0-476a-b224-b26bc3176700,ed24dde9-ba38-4f08-80f1-7d76edd5a09f,120,17,80,583,11ms,366ms,46ms,115ms
13810,q-conv-clustered,b,c8b9a016-520f-4f67-a382-3a944aa907fb,7c41655b-bebb-4bc7-883d-6730b47c026b,277,21,80,583,11ms,736ms,156ms,273ms
13830,q-conv-clustered,b,a89d72ec-512f-4655-8c37-b30e5c5e8ec2,4c77a1ac-b409-4b56-8ae6-ae2386910f8f,78,14,82,585,9.1ms,172ms,52ms,73ms
13840,q-conv-clustered,b,a89d72ec-512f-4655-8c37-b30e5c5e8ec2,a088714f-1d96-41ba-a361-8ddd43e9fc92,186,9,82,585,11ms,233ms,24ms,183ms
13850,q-conv-clustered,b,d0e931bf-8378-4377-b448-32cdcd142fca,6366b61a-08eb-4c60-9bdd-2901b8bb9f1b,126,17,80,582,10.0ms,211ms,88ms,121ms
13870,q-conv-clustered,b,c8b9a016-520f-4f67-a382-3a944aa907fb,85a5f6d4-f41f-487a-ac74-343a69d1c2ee,54,12,80,583,11ms,67ms,43ms,50ms
13860,q-conv-clustered,b,d0e931bf-8378-4377-b448-32cdcd142fca,2b605ecd-faed-445f-a506-58eace660627,251,7,80,582,11ms,690ms,156ms,248ms
13880,q-conv-clustered,b,68b4d330-7ca0-476a-b224-b26bc3176700,6f133637-888f-4462-854f-ef1d2a5cd92a,184,10,80,583,12ms,594ms,160ms,180ms
13890,q-conv-clustered,b,c44dc1fc-8f74-43dd-9566-d8b2be710def,50af0a1b-d808-4a87-8fa9-79249f06733f,137,7,80,583,15ms,434ms,51ms,133ms
13900,q-conv-clustered,b,34d23bae-68b6-4c1a-b15c-043c8f1c52b9,f8adc177-d35f-4c0c-bf7d-113f07d0d048,188,9,82,584,9.8ms,377ms,120ms,185ms
13910,q-conv-clustered,b,11eaa9c3-4b8f-45e3-b426-78c6d8e7e252,694e030c-005b-4ce2-b89f-cb9291d1c89e,117,14,80,583,8.6ms,191ms,73ms,113ms
13920,q-conv-clustered,b,93d95799-3257-409f-9a1f-c4e6b1acbac7,3e658572-c11c-487c-87eb-cbb9b98e4ecb,281,20,80,582,10ms,676ms,268ms,276ms
13930,q-conv-clustered,b,34d23bae-68b6-4c1a-b15c-043c8f1c52b9,f3e22425-eeed-47a1-bd72-75e58e9051c0,265,11,82,584,9.8ms,978ms,123ms,260ms
13940,q-conv-clustered,b,c44dc1fc-8f74-43dd-9566-d8b2be710def,e9a77008-1302-45f0-b7bc-cc375e1bbc3f,97,12,80,583,11ms,229ms,86ms,93ms
13950,q-conv-clustered,b,11eaa9c3-4b8f-45e3-b426-78c6d8e7e252,a8fab5b4-59e9-4fd6-ba6d-47a89297f21c,72,11,80,583,11ms,171ms,54ms,68ms
13960,q-conv-clustered,b,68b4d330-7ca0-476a-b224-b26bc3176700,65691aef-4bb0-42d0-bacb-2391dfa2397e,73,15,80,583,9.6ms,120ms,26ms,69ms
13970,q-conv-clustered,b,a89d72ec-512f-4655-8c37-b30e5c5e8ec2,25de1af5-93cf-459d-91d4-37fe340a2d0b,102,15,82,585,9.8ms,261ms,31ms,95ms
13980,q-conv-clustered,b,c44dc1fc-8f74-43dd-9566-d8b2be710def,9020a769-b95d-4743-892f-0c0f190fab66,135,11,80,583,11ms,418ms,77ms,131ms
13990,q-conv-clustered,b,34d23bae-68b6-4c1a-b15c-043c8f1c52b9,4d601b70-dbda-422b-8f18-fae54278e195,159,15,82,584,9.9ms,315ms,108ms,154ms
14000,q-conv-clustered,b,11eaa9c3-4b8f-45e3-b426-78c6d8e7e252,af2a7cd3-5374-4475-87c9-f89368e38440,125,11,80,583,11ms,213ms,39ms,121ms
14010,q-conv-clustered,b,11eaa9c3-4b8f-45e3-b426-78c6d8e7e252,dcbd61d2-4498-4f4d-8e7f-19fad2c27828,271,10,80,583,20ms,857ms,184ms,265ms
14030,q-conv-clustered,b,93d95799-3257-409f-9a1f-c4e6b1acbac7,ece8ff43-6d8b-4bf1-a140-d2814da82dc2,81,12,80,582,10ms,120ms,47ms,77ms
14020,q-conv-clustered,b,a89d72ec-512f-4655-8c37-b30e5c5e8ec2,485b7e1d-a62b-4e8d-99ae-2fa951f551b4,186,14,82,585,11ms,432ms,74ms,182ms
14040,q-conv-clustered,b,93d95799-3257-409f-9a1f-c4e6b1acbac7,ad949256-0ff5-46f4-a332-cdd48ea65f82,128,8,80,582,9.6ms,234ms,51ms,124ms
14050,q-conv-clustered,b,c8b9a016-520f-4f67-a382-3a944aa907fb,44bf53fa-fc12-4fe9-a0f9-527964460183,86,3,80,583,10ms,273ms,19ms,82ms
14060,q-conv-clustered,b,68b4d330-7ca0-476a-b224-b26bc3176700,5b8826f3-7d6d-4db1-b10e-cf292a86e9da,94,15,80,583,11ms,260ms,92ms,89ms
14070,q-conv-clustered,b,c8b9a016-520f-4f67-a382-3a944aa907fb,7f7f05a8-dc67-4da9-97b0-b8f468cfbd5c,50,19,80,583,8.5ms,92ms,56ms,46ms
14080,q-conv-clustered,b,68b4d330-7ca0-476a-b224-b26bc3176700,58e7f0c7-e788-426c-acbc-d22bb45b22ec,81,11,80,583,14ms,210ms,85ms,77ms
14090,q-conv-clustered,b,eee42173-a8dc-4a3f-be3d-79f44dada5b3,e0c36fc6-1187-4ad3-82aa-cd9fe269a259,62,13,80,583,10ms,176ms,44ms,58ms
14100,q-conv-clustered,b,11eaa9c3-4b8f-45e3-b426-78c6d8e7e252,26783e93-4103-496d-ba65-3e80dc1d0013,177,8,80,583,13ms,387ms,77ms,173ms
14110,q-conv-clustered,b,c8b9a016-520f-4f67-a382-3a944aa907fb,ce0c7e69-4667-45c4-8272-2a4dcc7e5424,71,11,80,583,10ms,93ms,52ms,66ms
14120,q-conv-clustered,b,d0e931bf-8378-4377-b448-32cdcd142fca,23efd875-4d98-4ff3-a647-9061c5a84814,122,14,80,582,9.7ms,186ms,67ms,116ms
14140,q-conv-clustered,b,eee42173-a8dc-4a3f-be3d-79f44dada5b3,cfd10c78-bacd-492e-8dcf-a3f8c21eaf80,40,10,80,583,10ms,47ms,29ms,35ms
14130,q-conv-clustered,b,ab7c56b6-9c1e-4dc5-8f25-0eb5644ae210,2f937793-c574-4a7f-8fad-08ece03e7f7f,211,6,82,585,12ms,380ms,12ms,206ms
14150,q-conv-clustered,b,a89d72ec-512f-4655-8c37-b30e5c5e8ec2,bfd4354d-7f06-4992-b30f-d9308cdbec7d,124,17,82,585,9.6ms,350ms,87ms,120ms
14160,q-conv-clustered,b,d0e931bf-8378-4377-b448-32cdcd142fca,49616892-0910-4988-b10e-aaf0386fc262,135,9,80,582,11ms,399ms,36ms,131ms
14170,q-conv-clustered,b,93d95799-3257-409f-9a1f-c4e6b1acbac7,81881998-0bd1-4e0d-a90a-6f68a88276f0,55,13,80,582,9.1ms,97ms,58ms,49ms
14180,q-conv-clustered,b,68b4d330-7ca0-476a-b224-b26bc3176700,6fa1c471-b1e1-462e-8146-40552ee78424,102,9,80,583,9.6ms,136ms,30ms,98ms
14190,q-conv-clustered,b,93d95799-3257-409f-9a1f-c4e6b1acbac7,36face33-32dd-4169-8e15-8e07b8ef4034,140,13,80,582,9.6ms,292ms,68ms,133ms
14200,q-conv-clustered,b,68b4d330-7ca0-476a-b224-b26bc3176700,5aa2801e-1328-43c0-ac44-0940b6e6895e,108,8,80,583,9.1ms,213ms,41ms,105ms
14210,q-conv-clustered,b,ab7c56b6-9c1e-4dc5-8f25-0eb5644ae210,4645ac03-0471-4472-9f92-9208d9d73e0b,85,14,82,585,10ms,147ms,68ms,81ms
14220,q-conv-clustered,b,a89d72ec-512f-4655-8c37-b30e5c5e8ec2,2f774339-901f-4933-a89a-91e4c7edd2dd,68,15,82,585,11ms,199ms,28ms,63ms
14230,q-conv-clustered,b,11eaa9c3-4b8f-45e3-b426-78c6d8e7e252,9c2f9424-3736-40e1-981d-3330c432a714,93,16,80,583,20ms,149ms,25ms,89ms
14240,q-conv-clustered,b,11eaa9c3-4b8f-45e3-b426-78c6d8e7e252,ad0a2e37-e122-4efd-954d-c392f847eda5,82,13,80,583,12ms,163ms,67ms,77ms
14250,q-conv-clustered,b,68b4d330-7ca0-476a-b224-b26bc3176700,2a379d68-9041-4f41-ba4a-fb14907d667c,114,11,80,583,8.9ms,162ms,40ms,110ms
14260,q-conv-clustered,b,eee42173-a8dc-4a3f-be3d-79f44dada5b3,67c2dc04-d635-40b0-a902-33858ec0ef81,51,8,80,583,12ms,165ms,12ms,46ms
14270,q-conv-clustered,b,c44dc1fc-8f74-43dd-9566-d8b2be710def,623cbc70-42c3-4624-b1be-028a5382befa,124,15,80,583,10ms,346ms,80ms,121ms
14280,q-conv-clustered,b,a89d72ec-512f-4655-8c37-b30e5c5e8ec2,00db768f-4dfb-4de5-b817-52c8b8cc2447,47,11,82,585,8.8ms,77ms,16ms,41ms
14290,q-conv-clustered,b,34d23bae-68b6-4c1a-b15c-043c8f1c52b9,6764629f-7dc6-4184-9b0e-213cbc6a43a3,98,17,82,584,9.7ms,333ms,55ms,94ms
14300,q-conv-clustered,b,a89d72ec-512f-4655-8c37-b30e5c5e8ec2,6bbd3af3-00b6-45b0-a6e7-fda74d5ac754,104,13,82,585,9.2ms,142ms,77ms,96ms
14310,q-conv-clustered,b,ab7c56b6-9c1e-4dc5-8f25-0eb5644ae210,f2ffff3e-0378-42ff-9298-ec01a067133f,129,10,82,585,11ms,220ms,81ms,123ms
14320,q-conv-clustered,b,68b4d330-7ca0-476a-b224-b26bc3176700,b32876af-28c8-47ea-8276-63b6315e1519,59,16,80,583,10ms,145ms,39ms,56ms
14330,q-conv-clustered,b,d0e931bf-8378-4377-b448-32cdcd142fca,584b2304-fe17-4702-bb53-65d4e31846d0,71,12,80,582,11ms,107ms,47ms,67ms
14340,q-conv-clustered,b,a89d72ec-512f-4655-8c37-b30e5c5e8ec2,32a37b08-a60e-4267-b6d4-108ac4776b82,99,8,82,585,8.6ms,153ms,31ms,95ms
14350,q-conv-clustered,b,34d23bae-68b6-4c1a-b15c-043c8f1c52b9,3eae0103-01a4-475e-8f70-4fef71de4eec,157,11,82,584,11ms,392ms,195ms,154ms
14360,q-conv-clustered,b,34d23bae-68b6-4c1a-b15c-043c8f1c52b9,85649aa6-6884-44c0-82a4-9c4f47c006e9,112,22,82,584,12ms,339ms,146ms,109ms
14370,q-conv-clustered,b,eee42173-a8dc-4a3f-be3d-79f44dada5b3,b3c0f72f-1acd-4982-8ae8-badff9284df0,35,7,80,583,10ms,45ms,21ms,31ms
14380,q-conv-clustered,b,93d95799-3257-409f-9a1f-c4e6b1acbac7,34aa260f-4983-48d7-83a9-556877037367,67,14,80,582,9.7ms,173ms,29ms,62ms
14390,q-conv-clustered,b,68b4d330-7ca0-476a-b224-b26bc3176700,7caf89e4-d36a-4c2e-b31e-cc3c8fb145d8,108,12,80,583,12ms,192ms,88ms,104ms
14400,q-conv-clustered,b,ab7c56b6-9c1e-4dc5-8f25-0eb5644ae210,56348429-21c2-4f63-86cc-a33b90f82712,113,12,82,585,9.4ms,391ms,87ms,108ms
14410,q-conv-clustered,b,68b4d330-7ca0-476a-b224-b26bc3176700,2571fd7c-e1d0-490a-aef5-188e0b84e5f2,134,12,80,583,9.3ms,272ms,137ms,127ms
14420,q-conv-clustered,b,93d95799-3257-409f-9a1f-c4e6b1acbac7,36e1e4c0-0041-4ccd-b57f-83c0439e6700,82,5,80,582,8.7ms,252ms,33ms,78ms
14440,q-conv-clustered,b,11eaa9c3-4b8f-45e3-b426-78c6d8e7e252,0fc0265d-4126-46fd-81d9-97308e19b16d,102,15,80,583,9.0ms,116ms,38ms,98ms
14430,q-conv-clustered,b,34d23bae-68b6-4c1a-b15c-043c8f1c52b9,92eb0adb-3057-4cd3-b690-9fb5e47b956e,284,8,82,584,9.9ms,577ms,105ms,281ms
14450,q-conv-clustered,b,11eaa9c3-4b8f-45e3-b426-78c6d8e7e252,f9377bb9-18d9-46d7-a554-38935c63432a,119,16,80,583,9.6ms,216ms,87ms,113ms
14460,q-conv-clustered,b,11eaa9c3-4b8f-45e3-b426-78c6d8e7e252,62270a06-3a03-4dfb-ad2a-4f588f0d455e,123,11,80,583,11ms,361ms,58ms,118ms
14470,q-conv-clustered,b,34d23bae-68b6-4c1a-b15c-043c8f1c52b9,11e32c16-63ee-4918-b9fc-5174681f7d62,54,6,82,584,8.6ms,126ms,18ms,48ms
14480,q-conv-clustered,b,34d23bae-68b6-4c1a-b15c-043c8f1c52b9,90609ab1-be24-4692-975e-ae12073e34a3,252,6,82,584,11ms,645ms,321ms,248ms
14500,q-conv-clustered,b,11eaa9c3-4b8f-45e3-b426-78c6d8e7e252,d9aab1a1-1e6c-460f-b193-2538a8399499,112,6,80,583,11ms,286ms,82ms,107ms
14490,q-conv-clustered,b,34d23bae-68b6-4c1a-b15c-043c8f1c52b9,8edc35ce-803e-4295-a606-2594a8da105a,326,11,82,584,11ms,691ms,126ms,321ms
14510,q-conv-clustered,b,eee42173-a8dc-4a3f-be3d-79f44dada5b3,ddac600e-f812-402b-adfb-1fe230577fec,88,12,80,583,15ms,306ms,69ms,83ms
14520,q-conv-clustered,b,ab7c56b6-9c1e-4dc5-8f25-0eb5644ae210,c5ec64f8-8449-4dbc-a303-d568a6efb190,32,11,82,585,9.7ms,55ms,18ms,27ms
14530,q-conv-clustered,b,c44dc1fc-8f74-43dd-9566-d8b2be710def,dc24f8f9-7186-443f-81bb-e9091d9f11f0,205,6,80,583,12ms,554ms,93ms,200ms
14540,q-conv-clustered,b,c44dc1fc-8f74-43dd-9566-d8b2be710def,ee3d9844-2606-41d1-bbc1-d94455fc4100,121,12,80,583,11ms,353ms,27ms,118ms
14550,q-conv-clustered,b,34d23bae-68b6-4c1a-b15c-043c8f1c52b9,829fe395-ec99-4d39-a70a-46fde595a568,131,11,82,584,9.9ms,367ms,62ms,127ms
14560,q-conv-clustered,b,11eaa9c3-4b8f-45e3-b426-78c6d8e7e252,5f64467e-cb45-4f86-ad8b-f94bf2efbf35,50,9,80,583,10ms,128ms,47ms,46ms
14570,q-conv-clustered,b,34d23bae-68b6-4c1a-b15c-043c8f1c52b9,c12594c8-3251-4826-ba21-d1a07b044568,92,16,82,584,9.0ms,234ms,67ms,87ms
14580,q-conv-clustered,b,ab7c56b6-9c1e-4dc5-8f25-0eb5644ae210,234d2ffb-2542-4709-9122-9796726fb86d,50,16,82,585,9.2ms,125ms,34ms,45ms
14590,q-conv-clustered,b,68b4d330-7ca0-476a-b224-b26bc3176700,37a5bbac-359a-4f17-bc27-3e80cb82852c,80,9,80,583,9.2ms,133ms,31ms,76ms
14600,q-conv-clustered,b,93d95799-3257-409f-9a1f-c4e6b1acbac7,e9f79fa8-61ef-47ec-8ba5-e755e25278fd,69,9,80,582,9.8ms,176ms,70ms,64ms
14610,q-conv-clustered,b,d0e931bf-8378-4377-b448-32cdcd142fca,1315cb50-60d2-473b-b2f8-3b0621edf056,96,8,80,582,8.5ms,170ms,78ms,92ms
14620,q-conv-clustered,b,eee42173-a8dc-4a3f-be3d-79f44dada5b3,2c357102-6426-4761-88f2-33a064c742a2,76,14,80,583,13ms,158ms,38ms,72ms
14630,q-conv-clustered,b,93d95799-3257-409f-9a1f-c4e6b1acbac7,1cbdaec0-c0a2-4141-b19e-f2ca6d235c0a,126,8,80,582,11ms,345ms,94ms,121ms
14640,q-conv-clustered,b,eee42173-a8dc-4a3f-be3d-79f44dada5b3,25e24ddf-cd9e-4088-b1aa-43ea54480e35,64,10,80,583,8.6ms,109ms,49ms,59ms
14650,q-conv-clustered,b,c8b9a016-520f-4f67-a382-3a944aa907fb,29d06985-ec43-4e46-96ed-49103f3d2095,134,9,80,583,10ms,316ms,97ms,130ms
14660,q-conv-clustered,b,34d23bae-68b6-4c1a-b15c-043c8f1c52b9,576ec2c2-75b3-46d7-9fc9-aa59c8a7689b,43,16,82,584,10ms,116ms,46ms,38ms
14670,q-conv-clustered,b,c8b9a016-520f-4f67-a382-3a944aa907fb,e207bb0a-8bbc-4f36-b68b-1ddc948ca6d6,124,12,80,583,10ms,242ms,53ms,120ms
14680,q-conv-clustered,b,c8b9a016-520f-4f67-a382-3a944aa907fb,4b5486cc-53d1-43cb-8350-e468080462a4,136,18,80,583,11ms,459ms,138ms,132ms
14690,q-conv-clustered,b,68b4d330-7ca0-476a-b224-b26bc3176700,9f6a4e0c-b683-4d1f-a63d-5213b9571c1f,90,14,80,583,10ms,134ms,39ms,85ms
14700,q-conv-clustered,b,c44dc1fc-8f74-43dd-9566-d8b2be710def,420e13e2-5ded-4e64-984f-9f5b5a418cb9,160,13,80,583,22ms,355ms,58ms,155ms
14710,q-conv-clustered,b,c8b9a016-520f-4f67-a382-3a944aa907fb,0ab90a77-57f1-4c55-8ea1-b0088418ba7f,254,12,80,583,13ms,574ms,147ms,250ms
14720,q-conv-clustered,b,68b4d330-7ca0-476a-b224-b26bc3176700,6a8877d7-274c-4c24-a3b9-faec89318d3b,194,12,80,583,15ms,358ms,105ms,190ms
14730,q-conv-clustered,b,ab7c56b6-9c1e-4dc5-8f25-0eb5644ae210,9d82766b-3362-4139-a486-938cf904e5e7,116,15,82,585,10ms,353ms,92ms,112ms
14740,q-conv-clustered,b,34d23bae-68b6-4c1a-b15c-043c8f1c52b9,e789a05c-7047-41b1-ad11-04060a98a45a,116,11,82,584,11ms,121ms,29ms,113ms
14750,q-conv-clustered,b,11eaa9c3-4b8f-45e3-b426-78c6d8e7e252,58a4ab33-25bc-41e6-92ed-d72b8a497c18,94,11,80,583,11ms,240ms,33ms,90ms
14760,q-conv-clustered,b,eee42173-a8dc-4a3f-be3d-79f44dada5b3,4b298dbb-27e2-40ad-b6e4-664c3dcdebf7,62,15,80,583,9.9ms,96ms,63ms,57ms
14770,q-conv-clustered,b,eee42173-a8dc-4a3f-be3d-79f44dada5b3,04c77942-8d42-4151-a89e-16e2ac596fa0,34,12,80,583,13ms,89ms,15ms,29ms
14780,q-conv-clustered,b,d0e931bf-8378-4377-b448-32cdcd142fca,2955c091-6ae6-479d-bf4b-d49c161e140d,156,12,80,582,10ms,479ms,130ms,151ms
14790,q-conv-clustered,b,d0e931bf-8378-4377-b448-32cdcd142fca,fe4c4ebb-66d6-4ba0-b1e7-cea3cfab8018,141,7,80,582,9.7ms,407ms,110ms,138ms
14800,q-conv-clustered,b,93d95799-3257-409f-9a1f-c4e6b1acbac7,6638ff7e-aa54-4049-a98b-de7bcfb32105,85,7,80,582,13ms,214ms,59ms,79ms
14810,q-conv-clustered,b,68b4d330-7ca0-476a-b224-b26bc3176700,9bd39c2b-553c-42e3-bcb8-fa82676b66a9,103,10,80,583,8.8ms,73ms,53ms,96ms
14820,q-conv-clustered,b,34d23bae-68b6-4c1a-b15c-043c8f1c52b9,a860e252-725f-462c-a5cb-04fe4dabe6ac,175,7,82,584,8.6ms,159ms,62ms,170ms
14830,q-conv-clustered,b,c44dc1fc-8f74-43dd-9566-d8b2be710def,7891ce5a-c240-4d92-9661-d07feef01e25,168,14,80,583,12ms,209ms,54ms,162ms
14840,q-conv-clustered,b,34d23bae-68b6-4c1a-b15c-043c8f1c52b9,3f4737b3-c324-4030-9572-a488ea35933b,110,6,82,584,9.3ms,279ms,68ms,106ms
14850,q-conv-clustered,b,c8b9a016-520f-4f67-a382-3a944aa907fb,a5289110-a4e9-47f8-878c-6ef822a4ffe8,159,7,80,583,9.1ms,323ms,26ms,156ms
14860,q-conv-clustered,b,34d23bae-68b6-4c1a-b15c-043c8f1c52b9,94dc3f5c-803e-40d8-990c-0ce4cdd033b8,124,16,82,584,10ms,262ms,70ms,117ms
14870,q-conv-clustered,b,93d95799-3257-409f-9a1f-c4e6b1acbac7,c99b5178-6760-4443-b421-29cd3dba78b5,158,9,80,582,19ms,380ms,178ms,151ms
14890,q-conv-clustered,b,eee42173-a8dc-4a3f-be3d-79f44dada5b3,07175bb2-4a2d-490a-909d-d4cb178a8f79,50,14,80,583,9.3ms,76ms,16ms,46ms
14880,q-conv-clustered,b,93d95799-3257-409f-9a1f-c4e6b1acbac7,315e4060-a153-4e4d-86ce-c8f877908898,134,9,80,582,12ms,258ms,114ms,130ms
14900,q-conv-clustered,b,ab7c56b6-9c1e-4dc5-8f25-0eb5644ae210,7e18d537-d9e2-4188-b95c-6e0ec744bb39,94,6,82,585,10ms,163ms,24ms,89ms
14910,q-conv-clustered,b,93d95799-3257-409f-9a1f-c4e6b1acbac7,7c5fd454-ae06-4ce7-99f4-2e52e5abfa06,134,14,80,582,12ms,288ms,54ms,130ms
14920,q-conv-clustered,b,c44dc1fc-8f74-43dd-9566-d8b2be710def,806d9d97-c109-4770-9a73-ddb89a1e402f,118,13,80,583,11ms,166ms,30ms,114ms
14930,q-conv-clustered,b,d0e931bf-8378-4377-b448-32cdcd142fca,55033111-45e1-4dad-a62c-1485332f2594,44,6,80,582,11ms,131ms,35ms,41ms
14940,q-conv-clustered,b,11eaa9c3-4b8f-45e3-b426-78c6d8e7e252,de9c7a5d-f6a6-4538-9edd-a85dc041d200,77,8,80,583,9.7ms,152ms,24ms,73ms
14950,q-conv-clustered,b,68b4d330-7ca0-476a-b224-b26bc3176700,6824bb9c-3093-4637-a992-12be01b6a922,173,10,80,583,32ms,365ms,146ms,169ms
14960,q-conv-clustered,b,11eaa9c3-4b8f-45e3-b426-78c6d8e7e252,ddf2c225-4f41-4b09-ba42-14d627b0d6f3,108,6,80,583,10ms,259ms,53ms,104ms
14970,q-conv-clustered,b,c44dc1fc-8f74-43dd-9566-d8b2be710def,1b9c6d89-c428-4e65-b3dc-46d9a8402b50,118,11,80,583,13ms,332ms,94ms,113ms
14980,q-conv-clustered,b,d0e931bf-8378-4377-b448-32cdcd142fca,c21300ef-2ee5-49cd-be0e-eb9a3c1deb75,114,13,80,582,10ms,269ms,76ms,110ms
14990,q-conv-clustered,b,11eaa9c3-4b8f-45e3-b426-78c6d8e7e252,0aa91fab-f98d-406f-8e30-7e7bc49961d0,81,10,80,583,11ms,115ms,23ms,76ms
15000,q-conv-clustered,b,93d95799-3257-409f-9a1f-c4e6b1acbac7,b7ed7c93-9cd8-484c-bead-fdde4940814d,227,9,80,582,7.4ms,521ms,258ms,222ms
15010,q-conv-clustered,b,c44dc1fc-8f74-43dd-9566-d8b2be710def,9dac63d8-f2a6-41ee-a4ee-030ef94260d6,274,14,80,583,14ms,920ms,115ms,270ms
15020,q-conv-clustered,b,11eaa9c3-4b8f-45e3-b426-78c6d8e7e252,9a701ad1-b4f2-4dee-a59d-0cbaffed166b,69,14,80,583,13ms,161ms,24ms,66ms
15030,q-conv-clustered,b,11eaa9c3-4b8f-45e3-b426-78c6d8e7e252,ee7f4636-6041-4cf9-9098-58283ee71e1e,90,20,80,583,10ms,139ms,90ms,86ms
15040,q-conv-clustered,b,c8b9a016-520f-4f67-a382-3a944aa907fb,2ec15def-54a5-4b34-8f2d-d964e1ec848b,74,11,80,583,9.8ms,161ms,22ms,70ms
15050,q-conv-clustered,b,11eaa9c3-4b8f-45e3-b426-78c6d8e7e252,c5db3b5b-6612-44a5-902b-d03015f0eb6b,49,11,80,583,11ms,149ms,27ms,45ms
15060,q-conv-clustered,b,68b4d330-7ca0-476a-b224-b26bc3176700,3a07369c-7339-4199-a63a-7fd01c3d494c,113,11,80,583,10ms,295ms,83ms,109ms
15070,q-conv-clustered,b,eee42173-a8dc-4a3f-be3d-79f44dada5b3,5f71ff6c-2d0c-48e0-9c9a-4c4cc3ebb320,49,11,80,583,14ms,116ms,16ms,45ms
15080,q-conv-clustered,b,93d95799-3257-409f-9a1f-c4e6b1acbac7,322092e0-ce63-464b-9038-1512e21887f2,128,14,80,582,11ms,326ms,45ms,125ms
15090,q-conv-clustered,b,ab7c56b6-9c1e-4dc5-8f25-0eb5644ae210,b0f4a735-5a6e-436c-8de8-107a3d1cb74f,48,15,82,585,11ms,115ms,16ms,42ms
15100,q-conv-clustered,b,d0e931bf-8378-4377-b448-32cdcd142fca,80549277-ce6c-4450-8eed-abd18eb939a6,60,11,80,582,10ms,154ms,38ms,56ms
15110,q-conv-clustered,b,93d95799-3257-409f-9a1f-c4e6b1acbac7,f46e75b0-5b53-48c8-a058-613914361489,180,10,80,582,9.9ms,454ms,55ms,175ms
15130,q-conv-clustered,b,a89d72ec-512f-4655-8c37-b30e5c5e8ec2,160b2946-df68-416b-bc4a-8650aa41af16,38,11,82,585,11ms,89ms,38ms,34ms
15120,q-conv-clustered,b,34d23bae-68b6-4c1a-b15c-043c8f1c52b9,2181a644-b115-452d-b4ce-3a22554f9c66,143,13,82,584,13ms,295ms,97ms,138ms
15140,q-conv-clustered,b,68b4d330-7ca0-476a-b224-b26bc3176700,c8da322c-cefd-4510-948f-b30d5c558121,50,11,80,583,10ms,125ms,20ms,47ms
15150,q-conv-clustered,b,68b4d330-7ca0-476a-b224-b26bc3176700,7d964fd4-b1ea-41fc-82fa-0f0d7f6c40d9,120,12,80,583,11ms,219ms,86ms,115ms
15160,q-conv-clustered,b,c44dc1fc-8f74-43dd-9566-d8b2be710def,7ba4e9ef-743d-49db-a8ec-07971348ee78,108,13,80,583,14ms,249ms,114ms,101ms
15170,q-conv-clustered,b,93d95799-3257-409f-9a1f-c4e6b1acbac7,99852048-ba7c-4cf9-a601-12a33f8432eb,54,18,80,582,11ms,103ms,25ms,50ms
15180,q-conv-clustered,b,ab7c56b6-9c1e-4dc5-8f25-0eb5644ae210,eebf0fbe-f3c6-4cca-bf11-05d3d1ae0a6d,88,13,82,585,10ms,287ms,65ms,84ms
15190,q-conv-clustered,b,68b4d330-7ca0-476a-b224-b26bc3176700,b32b1d64-7358-4cba-9d4f-7d8bae6460ef,95,11,80,583,9.8ms,228ms,20ms,82ms
15200,q-conv-clustered,b,d0e931bf-8378-4377-b448-32cdcd142fca,e8296d4e-80b9-4a94-881b-7857a0321519,120,16,80,582,15ms,283ms,82ms,113ms
15220,q-conv-clustered,b,eee42173-a8dc-4a3f-be3d-79f44dada5b3,e3d0dd78-da5b-4cdc-bf71-b8609ca16518,43,8,80,583,11ms,53ms,28ms,38ms
15210,q-conv-clustered,b,68b4d330-7ca0-476a-b224-b26bc3176700,e0939526-0ed7-48c2-93cf-a6ca335c33ec,174,10,80,583,9.8ms,317ms,154ms,170ms
15230,q-conv-clustered,b,d0e931bf-8378-4377-b448-32cdcd142fca,2b37dbd9-5c25-425d-bfe7-07b154d0dc68,74,9,80,582,11ms,108ms,19ms,70ms
15240,q-conv-clustered,b,a89d72ec-512f-4655-8c37-b30e5c5e8ec2,c6b8845e-10bf-4d77-bc8e-d6037a36525d,113,10,82,585,11ms,302ms,98ms,109ms
15250,q-conv-clustered,b,a89d72ec-512f-4655-8c37-b30e5c5e8ec2,215071d4-57f2-4eb1-bb88-53125ad822c6,76,12,82,585,12ms,135ms,51ms,70ms
15260,q-conv-clustered,b,a89d72ec-512f-4655-8c37-b30e5c5e8ec2,c141b6f5-bce5-4a95-a7ac-7226e6edc4d3,193,15,82,585,9.8ms,242ms,103ms,190ms
15270,q-conv-clustered,b,93d95799-3257-409f-9a1f-c4e6b1acbac7,fefb8b92-8f95-4abe-8771-c7dab98a4c48,63,12,80,582,11ms,91ms,31ms,57ms
15280,q-conv-clustered,b,a89d72ec-512f-4655-8c37-b30e5c5e8ec2,98d5f38c-27e9-4e31-a079-9cbdb8ac6f31,81,11,82,585,37ms,275ms,62ms,77ms
15290,q-conv-clustered,b,d0e931bf-8378-4377-b448-32cdcd142fca,1ed5d9d7-bf5a-49f7-80fa-64ba1e2fbd6d,120,14,80,582,11ms,170ms,91ms,117ms
15300,q-conv-clustered,b,ab7c56b6-9c1e-4dc5-8f25-0eb5644ae210,cc87cb3f-edcd-43a6-bb58-8a1af7df4125,53,9,82,585,11ms,108ms,59ms,49ms
15310,q-conv-clustered,b,ab7c56b6-9c1e-4dc5-8f25-0eb5644ae210,cfbb4fa8-adbd-4923-b400-f17cbbbbbed4,64,13,82,585,12ms,114ms,32ms,60ms
15320,q-conv-clustered,b,a89d72ec-512f-4655-8c37-b30e5c5e8ec2,0c4cb855-0e8e-4d85-b514-aa47f9581212,80,11,82,585,11ms,100ms,33ms,76ms
15330,q-conv-clustered,b,34d23bae-68b6-4c1a-b15c-043c8f1c52b9,eac3076d-2517-45c5-8bc6-f80f2105ff62,106,13,82,584,11ms,179ms,39ms,102ms
15340,q-conv-clustered,b,ab7c56b6-9c1e-4dc5-8f25-0eb5644ae210,b547d9e0-6b82-4a31-ab16-164a5e51cfaa,81,8,82,585,10.0ms,138ms,30ms,77ms
15350,q-conv-clustered,b,c44dc1fc-8f74-43dd-9566-d8b2be710def,0d1a6b82-b94f-4add-9860-c253957aa9d1,92,5,80,583,44ms,327ms,46ms,89ms
15360,q-conv-clustered,b,ab7c56b6-9c1e-4dc5-8f25-0eb5644ae210,ec6fec5b-d727-44bc-9ce8-da5a30873601,98,9,82,585,12ms,240ms,100ms,94ms
15370,q-conv-clustered,b,68b4d330-7ca0-476a-b224-b26bc3176700,45eb434f-ea8f-4199-af39-18896ad25bc6,239,16,80,583,38ms,763ms,353ms,234ms
15380,q-conv-clustered,b,68b4d330-7ca0-476a-b224-b26bc3176700,39dd9bf9-9935-4a2c-9f1d-b5cf66c02e36,156,11,80,583,12ms,241ms,93ms,152ms
15390,q-conv-clustered,b,c8b9a016-520f-4f67-a382-3a944aa907fb,1b20e4c3-74a9-4b70-b0e5-d8962bc53c55,142,11,80,583,12ms,356ms,71ms,137ms
15400,q-conv-clustered,b,a89d72ec-512f-4655-8c37-b30e5c5e8ec2,a17a487e-9ac8-4c9c-a6e1-b5b7879bfdc9,69,8,82,585,14ms,177ms,29ms,66ms
15410,q-conv-clustered,b,a89d72ec-512f-4655-8c37-b30e5c5e8ec2,89d5d8fe-6c96-4dc0-94ee-9c39dd3b44c7,43,9,82,585,9.2ms,72ms,29ms,39ms
15420,q-conv-clustered,b,34d23bae-68b6-4c1a-b15c-043c8f1c52b9,b772855a-7d29-4073-8207-60607575e53a,176,9,82,584,11ms,283ms,42ms,172ms
15430,q-conv-clustered,b,eee42173-a8dc-4a3f-be3d-79f44dada5b3,52beed24-3f29-45c8-b9ed-cd8beb5320af,120,10,80,583,13ms,136ms,100ms,117ms
15440,q-conv-clustered,b,ab7c56b6-9c1e-4dc5-8f25-0eb5644ae210,7e0ae8e2-2ff3-4166-a532-a5eb5b384d09,66,11,82,585,9.3ms,102ms,37ms,61ms
15450,q-conv-clustered,b,eee42173-a8dc-4a3f-be3d-79f44dada5b3,d11176bb-683c-43b0-babc-a6a3ebadd018,69,8,80,583,12ms,188ms,109ms,65ms
15460,q-conv-clustered,b,d0e931bf-8378-4377-b448-32cdcd142fca,d34e7074-ca32-456f-b161-7b37a22f0b43,134,9,80,582,9.7ms,477ms,114ms,128ms
15470,q-conv-clustered,b,d0e931bf-8378-4377-b448-32cdcd142fca,a42fa60c-ca97-4f7b-890c-9d0ead233b02,57,12,80,582,9.5ms,133ms,34ms,51ms
15480,q-conv-clustered,b,c8b9a016-520f-4f67-a382-3a944aa907fb,b0d743be-9d11-443f-b6b8-ba4e066ff9f0,82,10,80,583,9.6ms,267ms,32ms,77ms
15490,q-conv-clustered,b,68b4d330-7ca0-476a-b224-b26bc3176700,2e9adfe2-7a5a-4d59-867e-aa45a8e475a7,135,10,80,583,10ms,420ms,93ms,132ms
15500,q-conv-clustered,b,68b4d330-7ca0-476a-b224-b26bc3176700,6b5ab439-7635-4565-bc0d-bbcdd7570ff4,179,8,80,583,9.7ms,366ms,98ms,174ms
15510,q-conv-clustered,b,ab7c56b6-9c1e-4dc5-8f25-0eb5644ae210,bfc27a8b-3b0c-4400-96e5-40fb69273a70,90,15,82,585,11ms,230ms,38ms,86ms
15520,q-conv-clustered,b,d0e931bf-8378-4377-b448-32cdcd142fca,507704d1-914f-4dc8-8f77-c3089f00c7d9,103,11,80,582,10.0ms,206ms,56ms,99ms
15530,q-conv-clustered,b,ab7c56b6-9c1e-4dc5-8f25-0eb5644ae210,1c024029-8c1c-4049-9757-952c8b55d505,102,13,82,585,11ms,212ms,55ms,98ms
15540,q-conv-clustered,b,93d95799-3257-409f-9a1f-c4e6b1acbac7,3c46f48f-e4c2-4877-88bd-9aa8b4fb6e27,170,10,80,582,9.2ms,421ms,117ms,167ms
15550,q-conv-clustered,b,11eaa9c3-4b8f-45e3-b426-78c6d8e7e252,e7c18b7c-aa52-420e-870c-4853a0cdc32f,77,10,80,583,9.1ms,104ms,36ms,71ms
15560,q-conv-clustered,b,68b4d330-7ca0-476a-b224-b26bc3176700,1b9138e2-8885-49b9-bd85-b56226148d80,113,10,80,583,11ms,159ms,54ms,109ms
15570,q-conv-clustered,b,a89d72ec-512f-4655-8c37-b30e5c5e8ec2,122eece0-f174-4991-b6bb-4aaaa495a64a,132,13,82,585,19ms,434ms,113ms,127ms
15590,q-conv-clustered,b,93d95799-3257-409f-9a1f-c4e6b1acbac7,c1a2b7c2-497c-43c6-ae58-331baffa84d9,121,11,80,582,29ms,161ms,61ms,117ms
15580,q-conv-clustered,b,d0e931bf-8378-4377-b448-32cdcd142fca,5f342b54-24fe-40de-83f1-88735cc5a327,253,9,80,582,11ms,569ms,16ms,250ms
15600,q-conv-clustered,b,ab7c56b6-9c1e-4dc5-8f25-0eb5644ae210,e3afd40b-6a78-489c-9a7a-8748f9d55343,120,14,82,585,11ms,256ms,53ms,116ms
15610,q-conv-clustered,b,eee42173-a8dc-4a3f-be3d-79f44dada5b3,d0d25d5e-d11b-40e6-bce1-a145ec33fc1b,98,12,80,583,14ms,290ms,57ms,94ms
15620,q-conv-clustered,b,11eaa9c3-4b8f-45e3-b426-78c6d8e7e252,1e31976b-55c4-4876-81cb-d289dffa45e2,79,13,80,583,10ms,181ms,38ms,74ms
15630,q-conv-clustered,b,c8b9a016-520f-4f67-a382-3a944aa907fb,8f1eae73-bb49-4a1a-9dca-7e6c12d4d01f,196,12,80,583,10ms,622ms,118ms,192ms
15640,q-conv-clustered,b,c8b9a016-520f-4f67-a382-3a944aa907fb,1e5394ed-9f3d-4e96-a5f0-8a22fba31ecf,94,10,80,583,9.1ms,231ms,60ms,86ms
15650,q-conv-clustered,b,c44dc1fc-8f74-43dd-9566-d8b2be710def,4f8ee40d-b09b-48d5-9118-e40d5e960000,161,16,80,583,47ms,433ms,235ms,157ms
15660,q-conv-clustered,b,d0e931bf-8378-4377-b448-32cdcd142fca,a34ae385-b6ae-4105-8b67-4c6e282dafeb,72,13,80,582,13ms,161ms,85ms,66ms
15670,q-conv-clustered,b,93d95799-3257-409f-9a1f-c4e6b1acbac7,3937311e-2cca-4dfc-a33f-604eda085150,153,10,80,582,11ms,333ms,172ms,148ms
15680,q-conv-clustered,b,ab7c56b6-9c1e-4dc5-8f25-0eb5644ae210,0b086fe8-1475-4f16-bf09-ed51340182b9,22,13,82,585,11ms,37ms,11ms,18ms
15690,q-conv-clustered,b,11eaa9c3-4b8f-45e3-b426-78c6d8e7e252,929f8eff-9ff6-45f4-9648-aa5e44d724a1,78,25,80,583,9.8ms,159ms,55ms,73ms
15700,q-conv-clustered,b,34d23bae-68b6-4c1a-b15c-043c8f1c52b9,dcb5c562-d01c-454b-8bd4-65df5761a0bd,128,9,82,584,12ms,292ms,59ms,123ms
15710,q-conv-clustered,b,93d95799-3257-409f-9a1f-c4e6b1acbac7,fa8ce347-d41e-4d60-ad26-f89b57aa1bdc,171,13,80,582,11ms,441ms,108ms,166ms
15720,q-conv-clustered,b,34d23bae-68b6-4c1a-b15c-043c8f1c52b9,e17853ad-5e3e-4fec-bbb1-57451ac904e8,182,10,82,584,10ms,537ms,199ms,179ms
15730,q-conv-clustered,b,a89d72ec-512f-4655-8c37-b30e5c5e8ec2,f7ba5ac4-8b81-4306-917b-7869a6c122ad,74,17,82,585,63ms,195ms,57ms,70ms
15740,q-conv-clustered,b,93d95799-3257-409f-9a1f-c4e6b1acbac7,3f42d929-cb5a-4e9d-9676-bb2ae9346203,165,14,80,582,11ms,473ms,165ms,161ms
15750,q-conv-clustered,b,eee42173-a8dc-4a3f-be3d-79f44dada5b3,f0ad0642-7508-406a-b058-72ca40f57488,50,11,80,583,9.7ms,127ms,32ms,44ms
15760,q-conv-clustered,b,ab7c56b6-9c1e-4dc5-8f25-0eb5644ae210,37bb21ef-28ca-4a05-b6bb-be5641009fb9,56,11,82,585,13ms,151ms,44ms,52ms
15780,q-conv-clustered,b,d0e931bf-8378-4377-b448-32cdcd142fca,773173ba-a4ec-43a2-8a9a-98e1bdabeb5b,77,7,80,582,8.9ms,202ms,102ms,72ms
15770,q-conv-clustered,b,93d95799-3257-409f-9a1f-c4e6b1acbac7,8c59e489-6c66-486f-af61-16b9e338f230,187,12,80,582,10ms,224ms,78ms,182ms
15790,q-conv-clustered,b,c44dc1fc-8f74-43dd-9566-d8b2be710def,ee11409a-546e-40ed-a8d1-4ac286c00a58,169,10,80,583,12ms,381ms,80ms,165ms
15800,q-conv-clustered,b,34d23bae-68b6-4c1a-b15c-043c8f1c52b9,a2985262-aedd-41b0-95a1-0e8a37395ce8,170,15,82,584,12ms,357ms,100ms,166ms
15810,q-conv-clustered,b,68b4d330-7ca0-476a-b224-b26bc3176700,a97a5666-79e7-4604-a231-bc020b4bea64,115,11,80,583,22ms,145ms,40ms,110ms
15820,q-conv-clustered,b,34d23bae-68b6-4c1a-b15c-043c8f1c52b9,0df4fc03-3960-4806-ab21-a6c466d55ac7,262,14,82,584,11ms,493ms,139ms,257ms
15830,q-conv-clustered,b,93d95799-3257-409f-9a1f-c4e6b1acbac7,af2aad0d-cf51-4457-b4e1-9e135bcb331e,114,19,80,582,32ms,272ms,42ms,109ms
15850,q-conv-clustered,b,c8b9a016-520f-4f67-a382-3a944aa907fb,e8ac536e-c9c9-4e8f-9d7c-8f6eb5d0dc00,40,8,80,583,9.5ms,121ms,15ms,35ms
15840,q-conv-clustered,b,d0e931bf-8378-4377-b448-32cdcd142fca,73bde149-9153-45b7-bb81-2ba5083ccaec,292,11,80,582,11ms,921ms,20ms,288ms
15860,q-conv-clustered,b,11eaa9c3-4b8f-45e3-b426-78c6d8e7e252,930d2040-0db9-49c5-9238-c6a60135e6e6,218,12,80,583,10ms,652ms,19ms,214ms
15870,q-conv-clustered,b,93d95799-3257-409f-9a1f-c4e6b1acbac7,eb1dba23-8f5b-4512-8058-5fb6ab45e595,113,7,80,582,9.9ms,331ms,29ms,106ms
15880,q-conv-clustered,b,11eaa9c3-4b8f-45e3-b426-78c6d8e7e252,dcbd52d7-4bb2-4af5-9ca1-d263401c80b4,110,4,80,583,9.2ms,224ms,72ms,106ms
15890,q-conv-clustered,b,d0e931bf-8378-4377-b448-32cdcd142fca,f6d4441c-de6a-4ac2-be1a-f8c548cebcd9,54,10,80,582,9.2ms,108ms,26ms,50ms
15900,q-conv-clustered,b,68b4d330-7ca0-476a-b224-b26bc3176700,a1c851f9-8780-4774-9b9d-8deb7a55dc12,116,7,80,583,33ms,280ms,100ms,112ms
15910,q-conv-clustered,b,eee42173-a8dc-4a3f-be3d-79f44dada5b3,704674ea-45b2-4e57-bb1a-c65ecb5cb2b4,65,21,80,583,11ms,168ms,46ms,61ms
15920,q-conv-clustered,b,d0e931bf-8378-4377-b448-32cdcd142fca,d31a15c7-1865-428d-9d94-d5650e8ec0a2,90,16,80,582,9.4ms,214ms,111ms,84ms
15930,q-conv-clustered,b,eee42173-a8dc-4a3f-be3d-79f44dada5b3,45918bcd-f5b9-4c0f-97d3-d64d52425d80,33,12,80,583,12ms,87ms,39ms,28ms
15940,q-conv-clustered,b,a89d72ec-512f-4655-8c37-b30e5c5e8ec2,e76191f0-f65a-494f-b21e-dea6957f4f56,85,23,82,585,9.9ms,166ms,9.8ms,80ms
15960,q-conv-clustered,b,a89d72ec-512f-4655-8c37-b30e5c5e8ec2,05f952fe-46ce-4f89-b5e9-8f18b010dde6,74,9,82,585,12ms,109ms,66ms,69ms
15950,q-conv-clustered,b,93d95799-3257-409f-9a1f-c4e6b1acbac7,6c839be6-e9f1-42ba-852a-b67ea9a92d98,278,10,80,582,23ms,494ms,110ms,274ms
15970,q-conv-clustered,b,68b4d330-7ca0-476a-b224-b26bc3176700,49b38eac-2521-4c7a-8306-54104ab5dabc,128,10,80,583,34ms,316ms,67ms,125ms
15980,q-conv-clustered,b,c44dc1fc-8f74-43dd-9566-d8b2be710def,6f70902f-d79a-441b-86ab-d6aca9db4683,131,7,80,583,12ms,356ms,56ms,127ms
15990,q-conv-clustered,b,68b4d330-7ca0-476a-b224-b26bc3176700,b2678c81-e1c6-4214-ace0-a4eede87286f,162,7,80,583,11ms,498ms,83ms,157ms
16000,q-conv-clustered,b,d0e931bf-8378-4377-b448-32cdcd142fca,29a5c6dd-9c84-448d-a4e6-15e10d43d33c,38,5,80,582,9.6ms,47ms,14ms,32ms
16010,q-conv-clustered,b,a89d72ec-512f-4655-8c37-b30e5c5e8ec2,3b14a32d-e9b7-44e7-89de-119472cab2b9,59,16,82,585,9.3ms,78ms,27ms,54ms
16030,q-conv-clustered,b,ab7c56b6-9c1e-4dc5-8f25-0eb5644ae210,4d62c1f4-8c2d-4361-94dd-cc1299bf0de6,32,7,82,585,12ms,60ms,10ms,28ms
16020,q-conv-clustered,b,34d23bae-68b6-4c1a-b15c-043c8f1c52b9,ab64b970-19fc-498a-9708-dda9bc6c64d9,160,14,82,584,10ms,354ms,174ms,156ms
16040,q-conv-clustered,b,c8b9a016-520f-4f67-a382-3a944aa907fb,75efad68-3fa3-42c9-9d9f-44842870e9ec,81,15,80,583,10ms,227ms,53ms,77ms
